model,horizon,n_origins,mean_LPS,MAE_model,RMSE_model,MAE_raw,RMSE_raw
SAR111,1,2,3.13870155432888,0.004780854932377648,0.005878670308596716,22.122006656067697,27.355003562354458
SAR111,2,2,2.372599931722548,0.017159880368790265,0.0203247079541747,81.13044804776382,96.56552072180271
SAR111,3,2,2.4883936192722436,0.019760887819763498,0.019786394087446837,102.66061180906308,103.04148641050769
SAR111,4,2,2.106682393294501,0.019414677019506235,0.02713456501065696,108.95941287657206,152.09834064095955
SAR111,5,2,2.3272599046158984,0.0163037200334491,0.016535438997321912,95.70908557484972,96.58278602570059
SAR111,6,2,2.300641571732531,0.016929854249656616,0.016944128791299837,102.27030429356955,102.51144673851691
SAR111,7,2,2.3318006651755168,0.00529460659603137,0.0060688825222342735,32.950344987835706,38.052718069920886
SAR111,8,2,2.2273974260357985,0.009508511542690015,0.01247036777022101,60.35429783846712,79.42289453239985
SAR111,9,2,2.1440745211912104,0.011262898059306331,0.015926018456688652,71.74299554116669,101.44698888736157
SAR111,10,2,2.0758463391826503,0.01507254096650959,0.019857338697796795,96.81379334065923,127.93759182890001
SAR111,11,2,2.0433143146043236,0.015698283735903207,0.02164017912021005,100.81470585609713,139.10795759165325
SAR111,12,2,1.8736580532375091,0.028410344415811792,0.033277414964032255,181.13696868740726,213.41043975690278
SAR111,13,2,1.8032320642290507,0.031151521271586463,0.037707587831805764,199.53821777940993,242.88153772096746
SAR111,14,2,1.8454117060708874,0.02508988025268033,0.031524863870847034,159.26850071374247,201.1926904649099
SAR111,15,2,1.9401332154613398,0.017926448288362262,0.024524292514305674,107.45067686372386,147.23565122194742
SAR111,16,2,1.9056051396283165,0.01792298076451449,0.024099735801377507,102.40748222523325,138.0354878813494
SAR111,17,2,1.9931282870593834,0.005056192926199996,0.0058306937440456355,27.215575269567125,31.002750497442566
SAR111,18,2,2.005694885254738,0.0046269669897922895,0.00526931145567733,25.879657321636387,29.78472678811915
SAR111,19,2,1.982615016220763,0.012585831061038135,0.01371229690352977,65.6186410287728,71.99581160252303
SAR111,20,2,1.9549421987290911,0.006094543016998473,0.006649591650789641,30.433780849743926,33.373514253341696
SAR111,21,2,1.9432424068041676,0.003565850973601005,0.004490512311069615,18.280839339350678,22.93626726046791
SAR111,22,2,1.9679167774783703,0.005553471909325591,0.0055977246060631555,26.925719644049423,27.2006395210986
SAR111,23,2,2.021662579767487,0.006237646726751455,0.006240736431308627,31.43915780324369,31.474274347298522
SAR111,24,2,2.0136393015888534,0.007204463637828763,0.007561083019259486,33.15541104630893,34.59647958561255
SAR111,25,2,1.9819835936900316,0.009639521312630295,0.00999923901407201,43.598799255313224,45.52785648581336
SAR111,26,2,1.9822023577955152,0.00345158933476436,0.003970020579092748,15.351252590691729,17.442865478129143
SAR111,27,2,1.8612906225148538,0.00872650887168925,0.011496303635220879,46.07295767210144,61.35832973055764
SAR111,28,2,1.7920191892713802,0.00796549230372167,0.008025795266269942,44.22619253483299,45.513943433790175
SAR111,29,2,1.7904007542401041,0.017026048332593698,0.020436114830587916,100.71984487456484,123.89875504567448
SAR111,30,2,1.6715807728322651,0.027890216372996622,0.03627911143179685,172.81280612516593,227.73529045523387
SAR111,31,2,1.4449609444588756,0.045111003067018075,0.053521102928634295,279.50244492298134,339.4093864873562
SAR111,32,2,1.1071337830596062,0.06025100337788265,0.06929315850160551,376.24435190631993,444.45035909268483
SAR111,33,2,0.7094900863026128,0.07147997351008312,0.07997358727883637,446.33347291334667,514.0803409753938
SAR111,34,2,0.5718934509871115,0.0814174105174258,0.08739251846966568,507.0185910599971,561.3498223003079
SAR111,35,2,0.4873872593286153,0.08753961391221017,0.0948518654194613,548.6009254549404,613.5451326186158
SAR111,36,2,0.36175758732893953,0.09072741034508104,0.09882909298270383,569.7028634468552,640.1239222844582
SAR111,37,2,0.22884464271983562,0.09333688676487874,0.0994973664494761,587.0435325000935,643.7154871009241
SAR111,38,2,0.27876677985095055,0.0963728026697104,0.09949991524586357,589.6973247605015,621.7882770260352
SAR111,39,2,0.5372104528461067,0.08209421386647978,0.08370362464314589,474.5729876802311,490.8555749746436
SAR111,40,2,0.4073192229862721,0.08249812838273984,0.0860746026298663,458.4417986788271,486.43697092834657
SAR111,41,2,0.8686445785694598,0.061175186326595035,0.07125290629908249,346.21510298148905,410.99999302032904
SAR111,42,2,1.1831091848498267,0.05667996606230462,0.0615217746195707,312.5684435569756,344.7338715283372
SAR111,43,2,1.5871918956703306,0.0407294913751436,0.04100767456484014,208.30712497149852,210.68155091845279
SAR111,44,2,1.7003472507144177,0.022302400749773424,0.022659874544497617,109.77871025641161,111.95960881805172
SAR111,45,2,1.8553045243913218,0.020641383228147726,0.02079558551572819,106.19728484957568,107.37239904440172
SAR111,46,2,1.7790387386810531,0.006641164266464918,0.006785173634014149,31.97819197923718,32.88955525865292
SAR111,47,2,1.8411896952405407,0.003811184868071808,0.0038802065860852187,19.159688545413246,19.61773278235244
SAR111,48,2,1.7121087188122819,0.01689445799757064,0.019978783924511856,76.14113001750138,89.29888204482347
SAR111,49,2,1.5235911046110941,0.02896376082611489,0.029658145727890762,127.96791558976702,131.79873944670936
SAR111,50,2,1.6374790311353973,0.01830438535966499,0.01955349540039809,80.73081608086159,84.71335586436133
SAR111,51,2,1.5962193938642373,0.026742857204292432,0.028813333379006455,123.25904424565806,128.42253378078127
SAR111,52,2,1.5046809210641485,0.029413960825927427,0.029576564449526818,159.83975348977356,165.25731770748214
SAR111,53,2,1.6334781355536445,0.030184457531879365,0.030190541225986526,161.72021084047947,163.81522703762718
SAR111,54,2,1.5742527609630743,0.03461446924874431,0.03499250455573786,187.50877733773677,187.57282943186902
SAR111,55,2,1.5800798689163278,0.03541886506984002,0.03935867079352839,189.11799899252765,203.53591885321924
SAR111,56,2,1.5522071693382204,0.03962737765829523,0.04470731211889605,215.08687681163383,235.7872064723277
SAR111,57,2,1.4553405969816282,0.044348740183561865,0.05762001237590708,236.31012494117385,302.4698760254336
SAR111,58,2,1.4451757464297346,0.052170173193308265,0.06231225770035083,283.9321400513468,330.7792998508668
SAR111,59,2,1.331652878755574,0.06066139005430993,0.07143812806718697,333.71343047116216,383.5427857223329
SAR111,60,2,1.1455773413411487,0.07004310198277555,0.08439630577568019,387.7753087494243,457.8701553349371
SAR111,61,2,1.1132642141655813,0.07850067637598358,0.09063816688252435,445.8702902863738,504.7064902485719
SAR111,62,2,1.1732956848644183,0.08413696976457485,0.09941738902483191,480.37676870237965,560.0472803644852
SAR111,63,2,1.073097403942324,0.0799730786111634,0.09464669716313934,446.9987562221286,525.2277376326999
SAR111,64,2,1.2536171703382923,0.06244859822336789,0.08122469424587096,336.23695807228296,435.7352918114648
SAR111,65,2,1.3639394722260785,0.057212584599541746,0.07728682487220208,306.37520894167983,413.07178513943416
SAR111,66,2,1.5901822534612489,0.040643648105024216,0.054532790121329194,218.71185990185268,293.03682351315507
SAR111,67,2,1.6386333190756677,0.03386442449375325,0.04333157612949679,172.75674198496745,220.59631759299808
SAR111,68,2,1.6203303946326018,0.02953739459117015,0.038286761895604225,143.8441703425442,185.89925077804028
SAR111,69,2,1.6499561401002438,0.02290069960482906,0.027327171860773967,115.95448136298455,137.65824027159468
SAR111,70,2,1.6687941768524213,0.028185761713865935,0.030194586355341033,134.51155708221222,143.52548383870237
SAR111,71,2,1.6339215335546624,0.012943600625627981,0.013063854765240614,64.7098546188895,65.36711066106334
SAR111,72,2,1.6752181633420566,0.020294401262073332,0.022932264906724176,93.82568442590764,106.0362121655774
SAR111,73,2,1.5769800450188618,0.025798502698539727,0.02735129500252711,115.06376312750763,121.73317111454654
SAR111,74,2,1.6245619385001868,0.02193253460456107,0.02366976041122439,99.61903097143659,106.7763327458097
SAR111,75,2,1.6554871713762112,0.010607720732097998,0.010973208737899852,51.65584623728455,52.8502778815576
SAR111,76,2,1.6996779849743466,0.004795820278692195,0.005024744089676795,25.726724814445788,26.50279091373852
SAR111,77,2,1.58097993206089,0.008636350819172064,0.009792320848142197,46.744546546961374,51.78343897123737
SAR111,78,2,1.5555890332316444,0.013540135527434514,0.013951384214290942,77.81728376370211,78.90772954100949
SAR111,79,2,1.6886547522553441,0.008485400786708501,0.009840109218570313,53.20892832129721,63.29442987806525
SAR111,80,2,1.6887767535980958,0.0093414333229042,0.009502447471696254,57.44382360958389,59.75649913233411
SAR111,81,2,1.6671704081959744,0.00878542525953907,0.009112025959422036,54.75664752405919,58.48288080085839
SAR111,82,2,1.6967611026313878,0.008254604400432554,0.00857418947986404,48.363392847732484,49.00412009366719
SAR111,83,2,1.6420327136423591,0.013502609349023517,0.016451574763926658,73.88648579999153,86.94849892224467
SAR111,84,2,1.6062797445518928,0.020273918342740335,0.020591584371039383,118.92881364823597,119.04063955176872
SAR111,85,2,1.5662505575808194,0.030376789147987672,0.03038273604903857,182.82903225980635,184.0364719844017
SAR111,86,2,1.569434001655703,0.024829520102800512,0.025020783408498302,145.74625007438,145.7463592929547
SAR111,87,2,1.5537327990314065,0.025152647233948878,0.025237257247045796,143.2456041746791,143.28461150436522
SAR111,88,2,1.589495096611274,0.027541136927715884,0.027813805534396496,153.0623759493228,157.11075693458994
SAR111,89,2,1.687891931014804,0.02021557143510637,0.020223211136842712,110.988266477048,111.58889450304409
SAR111,90,2,1.7080615290006553,0.01841182444149042,0.01951669966766539,98.38822733506686,102.44563665520937
SAR111,91,2,1.679870118151522,0.014304257143440451,0.017322668089011322,71.44731005393169,85.38899464003637
SAR111,92,2,1.6482009944157432,0.0127522514633421,0.01725875859196547,61.37642573587618,82.79431481425566
SAR111,93,2,1.7140110834345956,0.01251061313559389,0.01647055958063622,62.911846032720405,82.4293366435614
SAR111,94,2,1.6383837763675835,0.017806439605812498,0.02351228696151034,83.40284687406984,109.61760018632468
SAR111,95,2,1.6838406784555708,0.01799259823280055,0.02050559473612731,89.24333302292189,100.7582240014144
SAR111,96,2,1.4815590362092634,0.026312152125693565,0.03249813027594096,119.45126859789207,146.43207877405987
SAR111,97,2,1.3898749485102129,0.026455129278220954,0.033166156687143136,113.36679875964228,140.65628469316692
SAR111,98,2,1.4253198504560822,0.03305781637155041,0.039386045277433356,141.6311298466917,165.22662658846144
SAR111,99,2,1.4389329826938606,0.04056826436745132,0.04211937051988959,187.84087182880694,190.54826154169538
SAR111,100,2,1.5065717926529743,0.040914696850793415,0.041472861864807746,219.71316917720605,229.1893662726423
SAR111,101,2,1.5236612672635905,0.026769013716003792,0.026769040570490194,144.8914529018407,146.42111207465396
SAR111,102,2,1.573716055933517,0.015140173334586893,0.020042026771731964,75.23128159690668,97.72818005538181
SAR111,103,2,1.6669489567403115,0.012890463214878165,0.0141329060895381,69.55862069372506,73.41224478593335
SAR111,104,2,1.5767046756397094,0.03155881171270514,0.0342866436764539,173.45977986650269,181.65680355568477
SAR111,105,2,1.388067178507038,0.04173478536285201,0.04530676191461665,232.8156123556555,242.87639707747954
SAR111,106,2,1.1571348393062777,0.050978907592761566,0.05439350514314097,287.26255786957427,295.2100022294161
SAR111,107,2,0.849367058076756,0.07252289341976176,0.07477796576841259,418.9213747917247,421.2248188442342
SAR111,108,2,0.7362728537843346,0.07784641693931454,0.08458558501261695,438.46866070744545,458.04429340525
SAR111,109,2,0.43916946164271686,0.07923700277984691,0.08911110316186709,445.90413233825575,482.51856199529027
SAR111,110,2,0.5964336637046996,0.06429336136298165,0.08347640005821301,350.5403149417448,447.3258499279813
SAR111,111,2,0.857479132368861,0.07209335939336864,0.08566140350224208,394.2047253907431,458.5553349775318
SAR111,112,2,0.5882783957998928,0.09029660790326154,0.10570702909026469,487.5273470513098,562.4182748514105
SAR111,113,2,0.7583561368885733,0.07737776640954223,0.08495911912281333,422.1631402404164,458.78752068558765
SAR111,114,2,1.2055135780342983,0.04906936532460211,0.060196786095693976,265.52835887309175,323.50829360054314
SAR111,115,2,1.2253060878258057,0.04470522827275022,0.058368235558842796,227.19579846584566,295.58035125400943
SAR111,116,2,1.1665376544045456,0.04046941580956313,0.05299715707270597,198.14067650741117,258.7620449635602
SAR111,117,2,1.3842926935778994,0.03512738475311975,0.045180782311711846,179.60294057211377,230.19352886275118
SAR111,118,2,1.258930923439437,0.03978303824655736,0.04674123098443124,192.99157090601784,225.9076447299418
SAR111,119,2,1.4963274994136242,0.026662906587898605,0.031453959541932135,135.22264448697433,159.03149517598013
SAR111,120,2,1.2674798027310683,0.03657820489925142,0.040922230470512196,172.6523418938923,192.85773728060454
SAR111,121,2,1.2392253016127346,0.041686681341267046,0.04889977069272259,191.37936813248734,224.14344516943558
SAR111,122,2,1.3508403380313216,0.03129492110058837,0.037599138250045336,147.70776331048683,177.1562796527921
SAR111,123,2,1.5847759655824967,0.019223859109765817,0.02030185423451886,101.78761992041655,107.68137163379332
SAR111,124,2,1.4342542905033837,0.030061429104898424,0.03506994011620927,178.05845142425233,206.60430315569567
SAR111,125,2,1.256043267888589,0.03998992001447847,0.03999436679663601,242.9776478814706,242.97785684363447
SAR111,126,2,1.0223570071543417,0.05595487901535842,0.05760386282495178,350.82563019076315,361.9321755539076
SAR111,127,2,0.76835916040105,0.07786062671404041,0.07835672601201059,495.4092970032666,499.58051177886193
SAR111,128,2,0.6125746488502264,0.09594845544676348,0.0963108365846603,620.5836677907578,624.0694242091777
SAR111,129,2,0.7168960193748157,0.10375913289764481,0.10394271882249285,670.5362250900889,672.4363284591791
SAR111,130,2,0.6160052262765159,0.11687534817735967,0.11732561968245808,757.6363912348324,759.7450044349323
SAR111,131,2,0.5754004013827052,0.11421486153298832,0.11497498305051786,744.2796465623692,748.5559659075001
SAR111,132,2,0.5933548024445696,0.10935711918766168,0.1119064311463325,710.7788675902189,727.3837719354575
SAR111,133,2,0.5236901201557855,0.1138022696630459,0.1175137860008282,741.0754944349283,764.9255898887728
SAR111,134,2,0.4778474521433542,0.11412515471989435,0.11721146644479503,728.7830396444288,747.8166306131789
SAR111,135,2,0.43265276623374443,0.11176021869238369,0.11313713029877014,674.8390657597315,681.8833284583717
SAR111,136,2,0.5913284930447132,0.10816758865042793,0.10817414044058196,622.7933219012452,622.8130726302974
SAR111,137,2,0.6742516781901191,0.08761455957177963,0.08764349163532384,496.2630984287066,496.26711153468096
SAR111,138,2,1.1608288859892502,0.042683635366711874,0.06008093414046442,237.52512425856548,334.3215969230099
SAR111,139,2,1.2569867380645017,0.038472559803240595,0.047257826285658666,201.48287362746987,247.5230099822975
SAR111,140,2,1.3409003065640368,0.027406344707817054,0.03463219894774633,137.5918414952862,173.96473033585193
SAR111,141,2,1.437015605593639,0.0226491446301435,0.029862460244676304,119.26293451669244,157.28723822381355
SAR111,142,2,1.5382759798440304,0.014551759680434033,0.017052126732025594,71.17408743971828,83.31939333272632
SAR111,143,2,1.5617799389530558,0.017389455686071822,0.021571414464622185,88.24363629219351,109.37052258188875
SAR111,144,2,1.5661606452118728,0.01653516270040048,0.023304557457453027,78.07844714391103,110.04221608167836
SAR111,145,2,1.4012407935676405,0.026494063788957162,0.0320334119870628,121.07821062452058,146.2643610759785
SAR111,146,2,1.2843290262781177,0.03126409694261695,0.03268338771787409,147.8783313193644,154.93758923444827
SAR111,147,2,1.3818734916359479,0.034791711879156056,0.04132632542616196,182.29031877594707,216.16541587321169
SAR111,148,2,1.2078815241059833,0.045812844746732626,0.0605303016975215,268.8794145468037,354.4510984610959
SAR111,149,2,1.157925794644166,0.04738939165335439,0.0629000632475883,282.99872894723376,375.39390106241495
SAR111,150,2,1.1015069266487054,0.06075578470113449,0.07790051049215166,377.91350546582044,484.56457924105837
SAR111,151,2,1.0388149499228243,0.07660913824113162,0.08901809453463186,490.60662432608615,571.1291612432203
SAR111,152,2,1.0089510863615074,0.08679852301325211,0.10255277308867186,569.0266069437971,674.9246458276154
SAR111,153,2,0.8679338637118348,0.10570339057074282,0.11753388915411717,698.0581241806794,780.496530984924
SAR111,154,2,0.43891706163928373,0.12754457913955772,0.13689283374461272,858.0251639857106,926.3225675963818
SAR111,155,2,0.04778199004560507,0.1496172053882207,0.1618319939649906,1022.235315954702,1112.9837361228647
SAR111,156,2,-0.28084914729596455,0.16808665133251038,0.17755487266582062,1159.7392571622522,1233.7753951860138
SAR111,157,2,-0.5822634371055225,0.1764007190516945,0.18230849023878268,1228.918453752302,1278.1435351407285
SAR111,158,2,-0.7254376731886307,0.1990781153411605,0.20385691651281992,1381.828258149364,1424.330436939658
SAR111,159,2,-0.9058414670174133,0.2133139222696975,0.21996456710112847,1413.170832247973,1466.1187832091061
SAR111,160,2,-0.6810073764337292,0.21777883267112494,0.22477021416949056,1371.4525075357215,1423.2260414225036
SAR111,161,2,-0.5461034223311763,0.19424306427334892,0.20397418781724008,1202.0945820878806,1267.261950383958
SAR111,162,2,-0.3530223322521361,0.1777971794829967,0.18876254946062054,1088.3297640085661,1158.1129804170125
SAR111,163,2,0.13619150992169965,0.14542739342555827,0.1590442037943485,825.5558343903854,905.4435274969601
SAR111,164,2,0.6707307411612734,0.11000896736716136,0.12491246600660172,585.4629827823383,666.4459410095525
SAR111,165,2,0.9331096498682359,0.07373666379333274,0.08356647535501338,402.79454482413485,456.68358073938094
SAR111,166,2,1.3292049907662447,0.045308664806039234,0.06203637725992658,229.20572087981054,313.7924982399978
SAR111,167,2,1.2706282492723533,0.04725013957638814,0.0655850794322892,249.95441876728455,346.9718269016722
SAR111,168,2,1.298128800318316,0.041953616734158705,0.0561627101322732,203.88464335209437,272.93701866685086
SAR112,1,2,3.2610435221848126,0.002108910742668481,0.0023724900336840687,9.68966936957895,10.97909842971495
SAR112,2,2,2.4292366047502463,0.019009122753109467,0.02022355047818165,89.2852505040978,95.50400100695309
SAR112,3,2,2.42020019488465,0.01907168355357236,0.019088752957362377,99.03765713090206,99.33393854495223
SAR112,4,2,2.258820593780442,0.01760395098916244,0.023504384278041957,99.51957962537745,132.14194921203247
SAR112,5,2,2.5334665408166535,0.004230189277090596,0.0054923390412033235,24.403218057984304,31.50910034545014
SAR112,6,2,2.396153773743482,0.006666672704001786,0.008944782476555684,39.78596409182046,53.24765828950295
SAR112,7,2,2.1618538502266134,0.02244230604482006,0.028229347863677645,137.60090009678152,172.42590373053332
SAR112,8,2,1.981704987427269,0.025536639524799593,0.034373143873320494,158.9610501074976,213.61101046169085
SAR112,9,2,1.9097729397314953,0.030853191915044514,0.04060397170165963,193.57873495801505,254.31311625089938
SAR112,10,2,1.8583916312765683,0.03183769347162464,0.039629971741858436,202.11818968571424,250.80411998016925
SAR112,11,2,1.9370503666888457,0.02709089700710747,0.034895631102547266,171.96818163339913,220.98926924473278
SAR112,12,2,1.7230607211698301,0.03826076600299383,0.04337004310904582,243.3161099708541,274.4930834596656
SAR112,13,2,1.6978950543046114,0.042942187632557235,0.045133965084511486,274.16909817044643,286.9244214539206
SAR112,14,2,1.6478500228242996,0.045666956631204514,0.046782640230593586,287.1526191981666,293.2182573154189
SAR112,15,2,1.7367682060057397,0.03942986742551498,0.043618442247797935,233.3971564876615,257.07899077105174
SAR112,16,2,1.8232830019082296,0.035433746487740385,0.038842854566065003,199.68334302694575,217.83170799455678
SAR112,17,2,1.8706936195663593,0.021292955512474704,0.027577492155181932,115.85640285795807,149.28398496071247
SAR112,18,2,1.9074525581544584,0.017013146849263132,0.02277562801259507,91.84076191125087,122.56253395798902
SAR112,19,2,2.0268632773065995,0.01513459180742502,0.017070474077457782,78.13341709433598,87.63449172725332
SAR112,20,2,2.0696199262056636,0.014026115951393178,0.015902974496156977,69.3921170370404,78.37423220835169
SAR112,21,2,2.0455270383512874,0.011815073330996873,0.0120802193628725,61.44347918213407,62.60588235100675
SAR112,22,2,2.0888098705224483,0.0028827535166876875,0.003486471107156424,13.846706698256185,16.67918625110863
SAR112,23,2,2.0618006933755852,0.001038900500273953,0.0011596609758401926,5.205227450177972,5.782119782548676
SAR112,24,2,2.028444248184886,0.0070252910591348805,0.007132641930467164,32.43073738731255,32.8078147054292
SAR112,25,2,1.9935067829228945,0.01075380336368384,0.01104884905711473,48.61244123004872,50.245751684317405
SAR112,26,2,1.9777752897343137,0.0069166531665653536,0.008589534510302825,32.66952843618674,40.95223162460834
SAR112,27,2,2.0341418398039535,0.00479773933377595,0.004997984440117441,23.059377791720635,23.54015734977442
SAR112,28,2,1.9980967821886468,0.007068936396700559,0.008316789789704094,42.01084107024826,51.08607787755873
SAR112,29,2,1.9562411219552152,0.009287324084296153,0.011609892415473845,47.964281678177485,58.553378652060836
SAR112,30,2,1.8458584060177272,0.023891945643370417,0.02445523437859818,136.6058626858944,137.70057597703777
SAR112,31,2,1.5774093275905092,0.041291977528899515,0.041586824044546944,243.36311307180813,243.45960296933737
SAR112,32,2,1.4394753246270684,0.055293451367812385,0.0561576267183238,329.2727367910634,330.3803960755549
SAR112,33,2,1.3456070776880984,0.0664194857386945,0.06791758721086587,396.76174847025186,399.4260112992181
SAR112,34,2,1.1091960533822638,0.07119639611111456,0.07599062297531294,420.93203648335066,436.5769236455938
SAR112,35,2,1.0450545586624962,0.07814963604860768,0.08359864467156002,464.80185185180744,482.9026705738463
SAR112,36,2,0.785152588151817,0.08454029152378122,0.09169046211927406,504.19555257457614,530.7355837307148
SAR112,37,2,0.8235264507940513,0.08630284941974985,0.0951110930265795,519.0042554926358,555.4284547863515
SAR112,38,2,0.7118763516993193,0.08885054913701812,0.10168220188474772,525.292816141326,585.5700349982029
SAR112,39,2,1.0370237073715958,0.07666784068731819,0.09626946985717183,429.4441264081438,531.0947982166261
SAR112,40,2,0.9199852175144907,0.08104089931165878,0.09527901892636864,440.605119777912,508.69582381937107
SAR112,41,2,1.4734698285032026,0.05659590621983675,0.06452581373835263,305.8957615749973,341.45673946190726
SAR112,42,2,1.5406116580385225,0.0544764850420961,0.06493296136559387,291.92359574154807,342.8532830503151
SAR112,43,2,1.547002415571539,0.044402645272425614,0.061770959534316314,224.2504889753659,311.62412656586065
SAR112,44,2,1.6113416958842874,0.037342436750624056,0.04542706399840281,184.41892905294662,223.27379295757916
SAR112,45,2,1.6558715065117178,0.029119280819805447,0.039521458568950084,148.33877035239811,200.93931916864744
SAR112,46,2,1.6571051672640997,0.03399563270145846,0.039542759108040226,162.91612440045492,188.09941175713553
SAR112,47,2,1.7151834305402456,0.02176855598218538,0.026262823164098843,108.20180192470616,129.72248070780427
SAR112,48,2,1.6336428492604058,0.032918752809092934,0.03776252917019808,150.41402878457984,171.06605345841993
SAR112,49,2,1.7440036862110215,0.021469096008301117,0.028631774542445452,92.85669379033652,123.37933483159922
SAR112,50,2,1.72598346821212,0.025501464770291256,0.029606006679424247,111.79620238238476,127.27568323413023
SAR112,51,2,1.7543361812409397,0.027502633093551512,0.0377831684326864,118.84276653807774,161.99038367556784
SAR112,52,2,1.7386015741792349,0.02881448688020953,0.031242726960776485,144.60747583846796,150.00788607007752
SAR112,53,2,1.7048440108094496,0.028436212745911002,0.033465988476282335,139.7576463169912,157.79894630472484
SAR112,54,2,1.6830075541188907,0.03378069612871125,0.041542563232514186,171.62070185696803,204.69633833401102
SAR112,55,2,1.53916800476431,0.03921582846605577,0.05430576150986374,200.57248096048124,276.41337604321046
SAR112,56,2,1.5188894675231925,0.04350099491551794,0.05727795852875167,230.46432396309,299.42851817242183
SAR112,57,2,1.3795368140745858,0.04534675768226674,0.061022680345162256,240.5486197089831,320.7390349381781
SAR112,58,2,1.3363813785068592,0.04939657963956909,0.05849127338025048,268.7384647715562,310.0589868516833
SAR112,59,2,1.3415782659360356,0.048308320778392776,0.05281747530685971,267.23725488469927,284.47887017307835
SAR112,60,2,1.390695905541311,0.0580177898065071,0.06095703261960055,325.0865576593269,334.7806684820063
SAR112,61,2,1.2868188914385024,0.059997577249678705,0.06168138637296085,342.89110401515154,347.5134161567936
SAR112,62,2,1.2506936575952277,0.0568992140057916,0.059468820997573064,323.07912246353044,332.73788086760663
SAR112,63,2,1.2181608677262692,0.05482316564577768,0.05858499128784571,302.5089412721022,319.78563714511967
SAR112,64,2,1.4427238964259546,0.03890672664376408,0.04514410838164107,206.22706301209655,236.83818928004806
SAR112,65,2,1.4997611493419152,0.02777239875196006,0.035249098735502124,145.1956258528994,182.9770714441314
SAR112,66,2,1.6677114205595607,0.0196064443264897,0.019624911917634387,104.87075455504737,104.88909816724686
SAR112,67,2,1.7982272154369157,0.00456943980320515,0.005352091828767818,22.844797457985806,26.585752447692386
SAR112,68,2,1.787007620913665,0.0058257890907212895,0.005917852823159077,28.523438073204034,29.119114116126948
SAR112,69,2,1.7718057980002961,0.0074237985146789545,0.007502937557956928,37.45590343920776,37.708827157064626
SAR112,70,2,1.7120669173057963,0.01246945056796048,0.01322765046172472,59.67461154506691,63.75942776603045
SAR112,71,2,1.6702277183941834,0.023685869751684907,0.024245349590463268,116.81706626963341,119.17811430662759
SAR112,72,2,1.6199597616013681,0.03186398874183724,0.03194092562720756,145.52925863614564,145.77834353525748
SAR112,73,2,1.5920223351890885,0.033645421616270835,0.03364545349643261,148.5362921812516,148.53704626276516
SAR112,74,2,1.4477793069850784,0.04399608450242491,0.04499313227512702,198.86126273715217,203.61798828309554
SAR112,75,2,1.223183055858089,0.045911734666630906,0.05676868116165372,226.40155337932674,281.7947590029367
SAR112,76,2,1.1194285107420823,0.060331276424390366,0.07892948929699661,333.7104894516551,439.1814730726989
SAR112,77,2,1.01941997927133,0.06490954761981185,0.0807421547945685,368.26093457306206,462.6993646282415
SAR112,78,2,1.2227314579492083,0.06062500020892968,0.07806691010536469,359.7717703207104,467.4277403674596
SAR112,79,2,1.2421919520937375,0.06381351883702403,0.08694075927892152,390.9144753772184,534.9422326926889
SAR112,80,2,1.2176289257007142,0.06493427895441903,0.09119643439022863,408.10603520595487,573.711312613616
SAR112,81,2,1.1261090885710443,0.06499602312307465,0.08753454463397795,410.0989314994158,556.3166300629528
SAR112,82,2,1.277990057004279,0.06202762156129607,0.08681405926162696,398.39140152765003,558.6063449919694
SAR112,83,2,1.1897662792396537,0.06646010305899878,0.08575187031029317,421.1299686369334,552.2938114859045
SAR112,84,2,1.2452065981781788,0.05562250426104146,0.06890366874974184,349.3242095735209,442.7017267482418
SAR112,85,2,1.2906117578988185,0.051484734894568444,0.06100312341469599,321.078857595091,391.31532717532707
SAR112,86,2,1.2810994993514555,0.05087128844730882,0.056314490591852985,309.1321406737352,352.5838688282123
SAR112,87,2,1.4069929101379515,0.04923157848700815,0.05251375239253249,284.55959577081785,310.85798994433446
SAR112,88,2,1.4351774135495465,0.0459774296475242,0.04646105167426881,249.90555760550978,255.4626621090338
SAR112,89,2,1.4389123854367412,0.04922521237666277,0.05106488768485845,268.57964208191925,282.27978605760967
SAR112,90,2,1.3846029352551463,0.04077900424389117,0.04490562921187249,224.1524459625307,250.67733633551242
SAR112,91,2,1.459920722094966,0.04092158349241052,0.04455888276915544,211.64059717758073,232.95126449013236
SAR112,92,2,1.3490664168432986,0.03875229977612388,0.0425844247139217,192.29309240606153,212.85303868525216
SAR112,93,2,1.4751134432712907,0.03442033687159424,0.0363380323712926,177.9026634989409,189.0698771572978
SAR112,94,2,1.3786272778878956,0.04117491537130526,0.0418398938453204,197.49338661469665,201.54092846923356
SAR112,95,2,1.3828948671553811,0.039282112166864155,0.0408735949507755,197.3207801621743,206.39168228735338
SAR112,96,2,1.3354308909058732,0.05160814502365028,0.05162175660428096,237.64819504545085,237.6492578499697
SAR112,97,2,1.1594009876780937,0.051194021182390234,0.051209112841171946,225.46563751332906,225.88053163061494
SAR112,98,2,1.2276140401524291,0.05738379830892954,0.057399218229698824,255.9749260312501,256.9594054718709
SAR112,99,2,1.2582611877387784,0.06694382171822905,0.06986733666335394,324.32370890647735,347.91663582962684
SAR112,100,2,1.3261199944284325,0.06422336418574051,0.07213251280061274,353.8668092364064,412.5208563805287
SAR112,101,2,1.2703079143686842,0.057916357526172156,0.06442694319294237,327.83552105115314,378.97994528573315
SAR112,102,2,1.4177429572564146,0.040987538083966366,0.044456250606399676,238.51238213191664,268.3921429276201
SAR112,103,2,1.438264656129375,0.03411526162793799,0.04308856848750435,210.416343647576,271.65520050598536
SAR112,104,2,1.5560917924281992,0.032573518737303415,0.03308093056985648,189.8497331740773,197.80112699176397
SAR112,105,2,1.3757658651522024,0.03809104931168372,0.03814119355142504,222.49654279081278,226.20950323533782
SAR112,106,2,1.282980121266029,0.04463608228603283,0.04537292294091211,253.64474123491527,253.9350103912727
SAR112,107,2,1.2418023541999408,0.042780423096342474,0.0491253541448885,230.67449452179062,254.130157552931
SAR112,108,2,1.0978950097833926,0.054067871397343405,0.05989952319602252,295.47928544869956,314.95830571017524
SAR112,109,2,0.9080231544368692,0.06315044768935302,0.06851617289168091,351.7718172672153,369.257644607923
SAR112,110,2,0.9042853237016457,0.06931697619203822,0.07148320559310602,393.57402679710594,398.61973820362834
SAR112,111,2,1.066836447695188,0.06202975853012779,0.06642535955442856,338.7857175457784,355.9721183844413
SAR112,112,2,1.0197903357225848,0.06676326535397809,0.07401704001137742,353.32054440065576,386.36686936915044
SAR112,113,2,1.340932672625263,0.04696409000543098,0.05471545837868472,249.51640345941632,288.3199117954193
SAR112,114,2,1.3235805629609838,0.039796134336883324,0.040186547509748156,214.30494878968693,215.69904294479005
SAR112,115,2,1.37415338591734,0.04459524242233429,0.04462789191918794,226.15982925828484,226.19537379024672
SAR112,116,2,1.4426800098093473,0.03436098549085895,0.03454385322839513,167.5534094553068,168.14506830725247
SAR112,117,2,1.53013285199322,0.03369531580573053,0.03390962981943887,172.14100840056926,173.6039063542575
SAR112,118,2,1.4319396518379914,0.03210621993338409,0.03225572880597773,154.02956982101068,154.61261998928762
SAR112,119,2,1.4245431179624224,0.02710619328772439,0.02760276703460346,136.40062280288475,139.0506564030494
SAR112,120,2,1.40397116528719,0.027105819278394047,0.02764188845748909,126.26354753341002,128.74108358571738
SAR112,121,2,1.374961902994909,0.0344096345898192,0.03503094333128893,155.7099272413393,158.48631184525473
SAR112,122,2,1.4261950921360431,0.02825826574908795,0.02906197037336101,132.24005921250364,135.91311251643359
SAR112,123,2,1.4504735292346558,0.02990021003719043,0.03733100149665584,154.36661214644255,192.25121076053435
SAR112,124,2,1.3679407507508095,0.04144498888517064,0.05715003828158356,239.9849314555945,330.5314455278631
SAR112,125,2,1.3882587451482318,0.04711634419232981,0.059664829098382374,277.54444439573854,350.30156837259585
SAR112,126,2,1.1181537743473813,0.06542114146220898,0.06997810932846309,399.2900598194119,425.3972348040933
SAR112,127,2,0.9599699882159642,0.07953051009924875,0.08371043729440814,493.42402926723616,516.9477614338545
SAR112,128,2,0.5602861671465931,0.09714577950230696,0.10226159023267689,610.8369927290214,639.7297008694925
SAR112,129,2,0.4570982625633569,0.10418474707874191,0.11008994961682048,655.2487650877165,689.4821617966195
SAR112,130,2,0.17093334494030116,0.11450191819750889,0.12184467776872118,728.4232429430035,772.6051926828068
SAR112,131,2,0.0019656728554647285,0.12061540570218936,0.12791797002957433,772.3156445961731,816.5721906221804
SAR112,132,2,0.08308078459632473,0.12215612101681872,0.1317665358520688,782.1195737109456,842.2165496049745
SAR112,133,2,0.18543279674912294,0.1265557129687006,0.1364062162891478,813.2362565918274,874.5150022479447
SAR112,134,2,-0.036362393536395116,0.12613793680399787,0.1336098755464117,796.6961968698956,841.572050776088
SAR112,135,2,0.21544043791243553,0.12249426047798684,0.12950103441591174,727.8227829720668,765.7628587804245
SAR112,136,2,0.21493948364395657,0.11662573012560218,0.11953712015315508,659.982772767682,673.4347444093435
SAR112,137,2,0.5858104287036188,0.09513208015363306,0.09906306096735351,528.5354458408679,547.0713693390816
SAR112,138,2,0.8950533687436053,0.06258182489541156,0.07908681187716061,345.01175851845255,434.71248809568317
SAR112,139,2,1.1131975814308612,0.048215637755538436,0.06685739185341526,249.09428080312864,345.28412989881315
SAR112,140,2,1.1297180425512459,0.040033875769951016,0.05149524111079782,198.8875198551891,255.67921150500013
SAR112,141,2,1.247232111954017,0.03228457432905074,0.04523476412044951,168.22918431905737,235.692779234583
SAR112,142,2,1.5481061816503923,0.023499057543092627,0.028933483077455628,114.07200284671944,140.1914759217198
SAR112,143,2,1.3932354700638463,0.024499952053930026,0.027589841624018285,124.21176656155103,139.56495027548732
SAR112,144,2,1.3839765203119994,0.03101528275612707,0.03660842851346862,145.65921504933794,171.5173247497614
SAR112,145,2,1.3240683716933561,0.03835726921346536,0.04277256319591384,174.82762115037212,194.40128876199998
SAR112,146,2,1.3444518440313922,0.029050927075215706,0.03927284055023884,137.2540773519313,185.53335461911863
SAR112,147,2,0.9763298727316077,0.04668544756537768,0.061084281457434914,241.28917627352257,314.87434735313815
SAR112,148,2,0.9078359890928606,0.05904903653729852,0.07944357196993196,342.14095197643064,459.09032782701837
SAR112,149,2,0.8775827427367408,0.06254655089725164,0.08535116131459446,367.8843963612908,501.4684511335833
SAR112,150,2,1.036836608938072,0.07099535529370968,0.09827806962052417,435.4688800394015,602.5766019555756
SAR112,151,2,0.8485886033851606,0.093753675239988,0.1111284623414188,592.9078258950967,702.6968376877567
SAR112,152,2,0.8351788382860916,0.10739517605064139,0.12782416710193575,693.9386933081009,827.5257803307372
SAR112,153,2,0.7099544937283643,0.1230314670064501,0.13997012982769932,803.1932700262405,916.7474215797575
SAR112,154,2,0.24809686733192438,0.14077611668500695,0.15482332006997862,939.1223684508682,1036.8979013996748
SAR112,155,2,0.03766703683871514,0.1666442896563985,0.1829602862762032,1126.7739791340537,1242.920044676854
SAR112,156,2,-0.1578544658731739,0.18559638903554307,0.19689546665498084,1268.2942253444344,1353.6997138307388
SAR112,157,2,-0.641637074390082,0.19387792231679674,0.20143916535810222,1338.4074670899868,1398.435145643443
SAR112,158,2,-1.1141068238326959,0.21851616328632728,0.22640023062344475,1501.7827300162471,1564.937981373948
SAR112,159,2,-0.8364767117194271,0.2300486639491888,0.240442249577678,1510.2159068797127,1586.0688719000907
SAR112,160,2,-0.8473175016323135,0.22666348650404253,0.2394132229610272,1419.0931561912566,1504.3624904602561
SAR112,161,2,-0.9994466128729406,0.2128337079292933,0.22569442595858208,1303.1986548070436,1385.277167726905
SAR112,162,2,-0.6175493480850737,0.20510008917987732,0.21430477508006718,1238.70579556367,1297.2777649828647
SAR112,163,2,-0.005707818040743329,0.17081334407996773,0.18064954539156672,957.7920712412551,1016.4026972553581
SAR112,164,2,0.2325127459683301,0.12914219730078746,0.1396369139753921,681.003314299553,738.8366708539451
SAR112,165,2,0.852002997495549,0.09338121400504956,0.0992621041975494,505.5787052152209,538.0578388823471
SAR112,166,2,1.1360305883169106,0.06307157231813354,0.07277380440913696,317.0221108431101,365.9266064681133
SAR112,167,2,1.1339584211335427,0.06476935735922829,0.07630956173097299,339.8780032061327,401.0358144151087
SAR112,168,2,1.1947937564838542,0.056816754180756546,0.07036146413726718,273.68953796815276,338.78193555522137
SAR121,1,2,3.127448640615227,0.007242520924091368,0.007518253065313502,33.191368385415444,34.65780581461817
SAR121,2,2,2.488355387271501,0.015010190244285265,0.01991768769503598,71.28279955655853,94.77860593219637
SAR121,3,2,2.548134407158056,0.01332859362592961,0.013879604252202735,69.86032534544347,73.34651695288079
SAR121,4,2,2.2355714146853325,0.01789048570427243,0.024675958324330425,100.71283001441452,138.56449659305494
SAR121,5,2,2.4271764395512294,0.014629095529747907,0.0160690209162974,85.02760703229114,92.38892229519536
SAR121,6,2,2.3298035265399073,0.014624119217455267,0.015444391710521458,87.43392455093544,91.59847902503284
SAR121,7,2,2.276887481570193,0.004930213337248052,0.00503380727280456,30.128893943250205,30.59966230682815
SAR121,8,2,2.3155286168554303,0.002047531349135309,0.002568361595735682,12.486930029670475,15.565657515148825
SAR121,9,2,2.2634161648351108,0.006538298665632936,0.006539323023705109,40.83822496518087,40.881663920256514
SAR121,10,2,2.1929237846856395,0.008794984617537388,0.009330391927348651,56.10531303236667,60.001241084584336
SAR121,11,2,2.166025991801277,0.012643744726870243,0.014393906971371887,80.84943982518371,92.69685963035614
SAR121,12,2,1.9996886868467423,0.021952283354643665,0.024642240812584922,140.3339028394721,158.67708622297013
SAR121,13,2,1.8256667117245269,0.026823282285190417,0.03173968507319415,172.22805136319676,205.15472655655068
SAR121,14,2,1.8788604367570625,0.021999775715706493,0.028934752285053537,140.20249846383695,185.08308531315961
SAR121,15,2,1.9114258260137793,0.01511588645389389,0.020186699094733994,90.75500535206584,121.55008938937739
SAR121,16,2,1.9929831223450023,0.012124904220388127,0.01602420982307205,69.58689993298776,92.29141333769745
SAR121,17,2,2.0035400642796692,0.009994660829136096,0.010174842851603185,55.800279873836644,57.30837140095251
SAR121,18,2,2.0453630370371365,0.002205547702463574,0.0024662696645522254,11.889134546381683,13.14249357919122
SAR121,19,2,1.9883602846812396,0.006802348167022576,0.007655206294530948,35.655802408899945,40.421327197736716
SAR121,20,2,1.9797043134412453,0.003651681188260071,0.003733076034048992,18.18848167089709,18.661747301416113
SAR121,21,2,1.9826365216555484,0.004391675284128773,0.005296689396967449,22.56363168850794,27.08766101066785
SAR121,22,2,1.948719626530694,0.00039443408565340704,0.0005342634433803139,1.9447637873136046,2.637960315294311
SAR121,23,2,2.003860537052298,0.0014886163221779812,0.0018262920792899314,7.599688821921063,9.356418033418093
SAR121,24,2,2.0208998455523557,0.01102180705286894,0.011188304888274046,50.98560397370011,51.573180301499406
SAR121,25,2,1.957857925570686,0.01658882981134508,0.016676193136074706,74.93445429801932,75.5574182439169
SAR121,26,2,2.014064379042772,0.006281889815062461,0.006977787576934597,28.20866023885037,30.968979901798615
SAR121,27,2,1.8894185983637675,0.013158294266754182,0.01392430771317827,63.00882675882713,65.22932006072149
SAR121,28,2,1.9395449633069082,0.011017916884492988,0.011053575254665087,59.909958470548645,59.95408878592933
SAR121,29,2,1.8503486095840138,0.019973025817380637,0.020470146329872457,113.60876652161915,119.15418440181737
SAR121,30,2,1.6788780306674211,0.030398588224838007,0.03428752150759152,183.88638993320228,213.03911421720963
SAR121,31,2,1.3691258628102778,0.04885110107910714,0.05272741909993816,297.7473127187318,329.92510358343696
SAR121,32,2,0.9656983803431451,0.061919274104281094,0.06641347402749757,382.1932724156077,421.4379246125517
SAR121,33,2,0.8725902427856015,0.07249826778731924,0.07905021103964631,450.7155046828084,506.0113894451406
SAR121,34,2,0.841032979058113,0.08342053887325096,0.08700210732496393,516.2025208833802,553.643529437882
SAR121,35,2,0.7608184240545972,0.09107696896816361,0.09595589357647476,567.1909669309757,615.4182904770859
SAR121,36,2,0.68487418548447,0.09591998288851067,0.10021152445070736,597.0159160956186,641.0704610333136
SAR121,37,2,0.40367410288617156,0.10569225042209168,0.10969979514635875,659.3462471299908,700.6524282270506
SAR121,38,2,0.5820266197393171,0.10373844759738143,0.1054397615157964,632.0934926191926,652.9781177635332
SAR121,39,2,0.6392302538780761,0.08875244224057771,0.0899011250434667,511.90550254366644,524.6518800116044
SAR121,40,2,0.6844896988982481,0.09232508668023673,0.09493368807135487,511.093403702419,532.7565470215152
SAR121,41,2,0.9649690407752296,0.06814046421874183,0.07463351625313973,382.30233361029286,427.03292012816166
SAR121,42,2,1.3134622089470074,0.05866665303403197,0.059636879482727785,321.4944428161821,330.1047633613491
SAR121,43,2,1.5927944420268791,0.03984947050738924,0.0415766251645993,202.5203091208432,209.5125567328918
SAR121,44,2,1.666469263768029,0.0249239118497803,0.026528088775156545,122.11807517824218,129.26327035389582
SAR121,45,2,1.7881447415951857,0.014175846267194522,0.014664828152333024,72.33763149266542,74.33119725666072
SAR121,46,2,1.7615648465439833,0.012613584302456082,0.015610501353529154,59.35329576213462,72.93219601634314
SAR121,47,2,1.7488520583927252,0.005926225084785078,0.008263137678730617,28.880454789131818,40.235494023868874
SAR121,48,2,1.7356365682993795,0.017719014819199796,0.024092285377036064,79.40154234459396,107.71292360560943
SAR121,49,2,1.6296598813039522,0.029575734693921676,0.03044364006817802,129.8889504307267,132.9420804475541
SAR121,50,2,1.6367380764162447,0.017292781754025766,0.021551686821516938,74.5788285317517,91.58366245609481
SAR121,51,2,1.718279070098312,0.033891242087402296,0.03788539872639893,154.92207851825833,167.10244013716792
SAR121,52,2,1.6125719967181977,0.04057674452895571,0.040766516953853756,214.09480210059837,214.48444969979477
SAR121,53,2,1.551234955055377,0.03891636580672592,0.03907866663155394,205.6035395443855,205.82795476198328
SAR121,54,2,1.4828714491535238,0.04581612793796111,0.04709959537364228,246.28732998791247,248.19941699364418
SAR121,55,2,1.4831596105373925,0.04820167161765079,0.05261997504873666,259.841795697786,275.49984323170054
SAR121,56,2,1.5056179827893788,0.04519372380191172,0.051715755649394346,245.34774805059578,273.07998844135636
SAR121,57,2,1.2814059598007408,0.0508438365364071,0.0655544015548187,272.6677078238331,346.16421196854503
SAR121,58,2,1.1518881114876318,0.06298437543304136,0.07421367859895191,345.76337488016816,397.62879523898675
SAR121,59,2,0.9613187954106774,0.06651373657187916,0.07646908545068319,368.28236102728306,413.1360728109809
SAR121,60,2,0.9955208113714848,0.07600853276154301,0.09062657816102587,422.84785778383366,494.1162869685731
SAR121,61,2,0.7862210133088969,0.08928204640604923,0.10247624224068295,510.35653784361284,575.127893884166
SAR121,62,2,0.974646418229556,0.0869905702622694,0.10106462174181943,497.63978235340346,570.3591114632811
SAR121,63,2,0.7315764380012748,0.08573904456988293,0.10438492884567954,481.5925742998734,582.983169198686
SAR121,64,2,1.1611094740284025,0.06820179653268674,0.09060963218837843,369.21922170086054,489.32314745810186
SAR121,65,2,1.1118643558606647,0.05856659723116312,0.08224907114900497,314.2207787421098,441.1498273276282
SAR121,66,2,1.3239273052885006,0.044292009979568066,0.06227170934642338,239.3594754433252,336.47431525860566
SAR121,67,2,1.5793941053992002,0.04009438593902267,0.0513525858435158,205.5966359690383,262.90711798052416
SAR121,68,2,1.622134914127396,0.033046235510165375,0.042535192608595146,161.4193371940505,207.15404009189155
SAR121,69,2,1.6649757929164175,0.026889475712805425,0.029407484113926543,136.8920403249772,148.78921910691784
SAR121,70,2,1.7094679103419836,0.030179257019416518,0.031105208064330668,144.38691147592272,148.31452933939033
SAR121,71,2,1.6766989836301258,0.022630536276135982,0.024111825084292285,113.9976551807149,121.7906210768397
SAR121,72,2,1.4955303175501984,0.028083725247030372,0.030069130262852684,130.33932746809296,139.5743764870455
SAR121,73,2,1.3775131088469248,0.039445312383866636,0.041070981939414275,177.28631499555877,184.3010415729095
SAR121,74,2,1.387658070536724,0.032378006859159224,0.03613168961051468,147.7750353457268,163.91364627342256
SAR121,75,2,1.5448828781249346,0.02385678216229037,0.025963426432126884,116.11340452421018,124.61945952347561
SAR121,76,2,1.6263111961142922,0.014601127117884838,0.016796036271381525,77.33872288505654,87.25307465707355
SAR121,77,2,1.5812572625456287,0.016819637475643086,0.019852207195853865,90.88357214997086,105.0421790771644
SAR121,78,2,1.4532611955722095,0.01654589133341266,0.020107070959990064,91.86975749539351,109.38686227019365
SAR121,79,2,1.5471698246419314,0.009300799568830953,0.012438397550480611,51.36115400792005,67.98601047717432
SAR121,80,2,1.6096907073286775,0.009778093015895967,0.011902786313438048,55.21977304920847,65.48175790166356
SAR121,81,2,1.5681342196036199,0.006071078367838465,0.008451705357823885,33.04925040986063,45.834071931412915
SAR121,82,2,1.51570441772743,0.01807555654860659,0.023535966939263794,99.47543355582638,126.97845805234593
SAR121,83,2,1.3264249340951937,0.024362937934968847,0.029716613895342008,134.42173296294823,158.46240325609895
SAR121,84,2,1.3950241073616372,0.03675554951047176,0.038609836776173634,213.2389066097585,217.40768805269295
SAR121,85,2,1.3884956918440516,0.03706785683185099,0.038485360583168884,216.17861321510827,218.76072717200896
SAR121,86,2,1.4957531688312171,0.039414013959221846,0.040684949635432364,229.334180377738,231.5905062267211
SAR121,87,2,1.4025017895828404,0.03903632608872534,0.039191489477249666,223.6982605051362,223.72483414254555
SAR121,88,2,1.2981567872666628,0.04432577750554616,0.04461465633599938,247.85159341684675,253.0675741692728
SAR121,89,2,1.4200633815128987,0.037878537837918745,0.03787895549776912,209.44552870978396,210.13792385889354
SAR121,90,2,1.5033848961416796,0.03587142906192793,0.037150195465730534,194.5562050133426,198.65172083793053
SAR121,91,2,1.4788861300910285,0.036542439854346194,0.03788380956387832,188.6277621454201,193.34577170477436
SAR121,92,2,1.4042730276743138,0.03064321894734573,0.034229118466811856,151.3586365448191,167.25548866598615
SAR121,93,2,1.4562973904665344,0.024181369085341107,0.028455481590199384,123.56930880022037,144.03526740503636
SAR121,94,2,1.450078837443733,0.031706320948004185,0.03721748227945568,151.16985167386883,175.72371569403236
SAR121,95,2,1.5424099999696177,0.022537424695377048,0.028171329690645164,111.72083274945135,138.68932900841762
SAR121,96,2,1.3778968062708983,0.04202969266465802,0.04929731445039412,193.7140831956176,225.1209408911293
SAR121,97,2,1.3403540429420477,0.04406210739076463,0.0501304227188431,193.05895999244376,216.3967912332089
SAR121,98,2,1.3045771814117828,0.04344100035745668,0.05492406762550676,186.32061543256987,231.9034667707843
SAR121,99,2,1.2642947923587482,0.04409004737963636,0.05225089694229091,197.40725805350075,226.62773650083253
SAR121,100,2,1.36116692848292,0.03669834647228532,0.03841954000342583,186.04772336420456,188.96035323587412
SAR121,101,2,1.4329097908015818,0.022197733909661906,0.027625491833112078,108.00760828258035,129.80963317246113
SAR121,102,2,1.4855340034795672,0.03330686184629017,0.03466932980074551,181.880392330002,184.11837769610574
SAR121,103,2,1.455824999065905,0.022470693442051184,0.022957885844780344,126.35543998889761,126.71405618054695
SAR121,104,2,1.3686015575136974,0.046364896160931424,0.04667205055174277,267.7750870811651,267.8281476851071
SAR121,105,2,1.1652982424563079,0.056834967723916545,0.05709730057860284,335.4806770249643,335.96792360641297
SAR121,106,2,1.0345367513577024,0.06736878002505134,0.06772777563667312,399.0301710630192,399.56230681907266
SAR121,107,2,0.8768346275007058,0.08694095472177849,0.08761798545740707,515.9111361647838,516.134233882799
SAR121,108,2,0.5570351373634049,0.09118449411670734,0.0946255075215722,528.2342830285261,533.2420851880842
SAR121,109,2,0.5709268265868048,0.08402820266166128,0.08975371417970765,482.49032642159864,497.950273446356
SAR121,110,2,0.5624493972345053,0.07429020519597704,0.0864353933777441,416.78492014451695,469.87230969534966
SAR121,111,2,0.7442739272434181,0.08134471136429397,0.08989408772599239,452.3091428532571,487.99656040025064
SAR121,112,2,0.6117379375779548,0.09564366176805379,0.10662118850182334,520.0479434948684,570.1696117815677
SAR121,113,2,0.7664116077311509,0.08679158954823588,0.08996065618850423,478.13928238926974,491.1589232150677
SAR121,114,2,0.9949018738151116,0.06437196121634492,0.06726209133451715,354.50254664276645,367.1367487823502
SAR121,115,2,0.8709553104199171,0.059450146887843405,0.06578734740760935,306.4478897498375,336.21856969712456
SAR121,116,2,1.117658052812244,0.05305558632353981,0.056867394089954205,263.10360973059824,279.92563598170256
SAR121,117,2,1.2287735093351018,0.042104188819915817,0.04691604547967192,217.0581264270486,240.101750504861
SAR121,118,2,1.1878791435966822,0.050693002019137026,0.05429750158780666,247.80979845285174,264.2409201980888
SAR121,119,2,1.2969475887237065,0.03860573651881484,0.03969273623333703,197.65915728688606,202.59432530105627
SAR121,120,2,1.2067344599569347,0.049208289423949884,0.05007955704163124,233.9317509697289,237.67626788848958
SAR121,121,2,1.2771577974870527,0.05533491742000377,0.0562819469776371,256.0521778516254,259.85299597072543
SAR121,122,2,1.3098325342980366,0.046079380303224386,0.04740780210760788,219.48714320593717,225.26318676444512
SAR121,123,2,1.47424822234053,0.019010145900944825,0.019197574648695682,101.03803155674723,102.00824472154513
SAR121,124,2,1.298853785151612,0.016193809855261004,0.018357570273835756,96.84022669538308,109.38360444135216
SAR121,125,2,1.1817611722206975,0.03129513099333642,0.031731945510239605,191.0257202466646,193.98361114379918
SAR121,126,2,1.0753928088605633,0.0442634541507617,0.048100969417386744,278.0096679237222,302.4526887981236
SAR121,127,2,0.921323618157395,0.06237613736588096,0.06432855574956466,398.3663520310647,411.7152337236139
SAR121,128,2,0.6831950987230544,0.08794015740202893,0.08908581549665628,570.8536032785537,579.7128025261441
SAR121,129,2,0.656006842882769,0.09499640378395546,0.09582279909241603,616.1498152570848,622.4640244817103
SAR121,130,2,0.5054171506407064,0.10692597373740395,0.10696726344696861,696.2204599800757,696.3515559918462
SAR121,131,2,0.38650569514499455,0.10939700512463733,0.10950072859428732,716.3497845754573,716.8553915478494
SAR121,132,2,0.39152767455451337,0.1075913673243446,0.10875659300011782,702.1120986417168,709.8221495470434
SAR121,133,2,0.4928567491188636,0.11343622822782946,0.11460012224099575,743.654830812754,751.1001426183926
SAR121,134,2,0.3904759639719404,0.10731398845107075,0.10841122347445803,689.7164500896106,696.668974655339
SAR121,135,2,0.5738473470738227,0.10290270095636496,0.10302774845031828,626.1777788641748,626.697585625441
SAR121,136,2,0.581788970198375,0.09476033727476921,0.09524843114209541,549.245017324271,552.7924550604065
SAR121,137,2,0.853407766314431,0.07471291539032185,0.07509370618436687,426.07427613388154,428.941547780564
SAR121,138,2,1.3382903483044095,0.037687843674793865,0.04792591053083121,211.67780991046902,269.0426398613214
SAR121,139,2,1.4640083390932022,0.024175620049175492,0.033492762248172714,127.78436352397102,177.05045729793437
SAR121,140,2,1.5483374485252457,0.021896262754973368,0.023517920676768316,110.62005361896718,119.0030718228203
SAR121,141,2,1.4880873574851554,0.019553949430768117,0.02281666809758686,103.4670323506416,120.79842096555164
SAR121,142,2,1.536804400789785,0.005528652915660678,0.007165824002506959,27.266028945941798,35.332591003813135
SAR121,143,2,1.6030136312682022,0.006670705128479983,0.0071908843829506285,34.19151145103524,36.842609203398034
SAR121,144,2,1.5011660880664695,0.01245965526796828,0.012463338524143238,59.39751525270913,59.415847941748375
SAR121,145,2,1.3928936180660867,0.012562072031370004,0.012591151190154182,58.075740444017356,58.197097615466994
SAR121,146,2,1.3517314384888937,0.013736122064223519,0.013748722351026975,65.33138624336652,65.35896351182855
SAR121,147,2,1.4019461036212846,0.024773718076579,0.027918343352103154,130.86331689473354,147.40507111066682
SAR121,148,2,1.2324642100021417,0.03800846850004618,0.04697984219738497,225.44467389139436,277.9096539827383
SAR121,149,2,1.1584609017423364,0.04235444923203539,0.05483457199422963,254.29819978711657,329.1266241155412
SAR121,150,2,1.1860875177653607,0.04608162317258968,0.06166607094120577,289.70067165343426,387.8312732966845
SAR121,151,2,1.0712971754706158,0.07302237591969936,0.08131221851973836,469.2375775842838,524.2702768012152
SAR121,152,2,0.8519983836075236,0.08716777842770848,0.09861481345603322,571.8028375453041,650.4642581767471
SAR121,153,2,0.8377402740905493,0.10716264754999295,0.11689318755528817,707.2602180310291,776.2646567671005
SAR121,154,2,0.6196982336864634,0.12349140003138544,0.1309342587101332,832.6958442835489,888.6182082016242
SAR121,155,2,0.3311406000316229,0.14495992132512825,0.15626863512823003,993.1068948683719,1078.1026980670024
SAR121,156,2,0.19836491883662183,0.16335378939568262,0.17212615003178344,1129.9954367999567,1199.509330755952
SAR121,157,2,-0.11442811382033483,0.17488760249120328,0.18038349106715854,1219.295377302119,1265.697272373743
SAR121,158,2,-0.8518467365065511,0.19868094290517516,0.2032253287334956,1379.2894577708857,1420.1477209642146
SAR121,159,2,-0.4406585396119535,0.21338427531689166,0.21901999448409884,1413.5641663720744,1459.9244384107603
SAR121,160,2,-0.5067478668367587,0.20732495224867284,0.2132655053715258,1312.673443699372,1358.2182853496122
SAR121,161,2,-0.3694713748605073,0.19035761670877036,0.19929204658481192,1180.6576631031949,1241.3289250239318
SAR121,162,2,-0.036826817197527784,0.17529891631375843,0.18392099563176686,1075.2655281030516,1131.7158311246046
SAR121,163,2,0.38333265010241824,0.13088370036642885,0.14226674843511627,749.4911423164067,817.9970413798608
SAR121,164,2,0.9600508205799636,0.09329010274573285,0.1025124948212971,502.09537615352156,554.4783539649868
SAR121,165,2,0.9692222218525641,0.06614360937389034,0.07107450049437893,363.5354239754297,391.5373505513663
SAR121,166,2,1.3177241447988735,0.03434715324482018,0.04398228703115805,175.77089756154828,225.2992937778865
SAR121,167,2,1.2340563770712203,0.041504991091740454,0.05488250468872188,221.01828890115075,292.5294915776955
SAR121,168,2,1.1259302903501953,0.030009688734726446,0.04140890671475547,147.3171546309577,203.310622991593
SAR122,1,2,3.2536391264862488,0.0034985298391004005,0.004240175058039625,16.160182050473395,19.701936532486965
SAR122,2,2,2.4400395350413646,0.019300708993644035,0.022262952487930147,91.2205127545667,105.80841798545164
SAR122,3,2,2.4785830099081707,0.018033369494979596,0.018305915011721897,94.18088116796571,96.19560269575508
SAR122,4,2,2.2247829785517856,0.016653631516419395,0.022350902643763524,94.15788297522113,125.74769263125154
SAR122,5,2,2.4586629597183345,0.003450647610853348,0.0035847509316209707,20.311932497284488,20.93800149655129
SAR122,6,2,2.2488767119375055,0.012574481460068662,0.014901022938149495,75.81612318865746,89.25642429314307
SAR122,7,2,1.9876655388926758,0.02770961122487109,0.030905922443222232,171.07127217089192,189.6415511177641
SAR122,8,2,1.824085239530612,0.029539309528407845,0.036949003144288284,184.68182760021682,230.1342017989781
SAR122,9,2,1.7051603659782275,0.030380758362862595,0.04214512191720032,190.57990211464858,264.2382634938873
SAR122,10,2,1.650944278573699,0.030984780285809754,0.04058717721590117,196.59312136191238,256.98099901669184
SAR122,11,2,1.838697586345456,0.027143902175221224,0.037878757516318966,172.3010964501459,240.35079481731347
SAR122,12,2,1.7682085454781582,0.03408577992675789,0.04085495399061223,216.2511375559434,257.9707501121487
SAR122,13,2,1.7385262957473697,0.03781217598972311,0.04284576483449435,241.00170391557594,271.52583581253634
SAR122,14,2,1.7364655269844047,0.04047845616911183,0.04394902864405187,254.29525674671186,274.55676853195905
SAR122,15,2,1.7394936133626389,0.037591064485529874,0.04291955001517333,222.37984862822577,252.75684891423782
SAR122,16,2,1.8360129218471426,0.030648826174878657,0.03881606293634867,172.14912831180163,217.2298695862084
SAR122,17,2,1.896220506953357,0.02717582371075293,0.03062387570037749,149.63525489106905,166.94775052238396
SAR122,18,2,1.9692415817775926,0.02307786734314287,0.028898453841628306,125.58360921535541,156.31228367874414
SAR122,19,2,1.9156665883188242,0.01896697972084874,0.02311145713531944,97.98472659987692,118.90620174137298
SAR122,20,2,1.9092707081313418,0.01511432987930958,0.01947426971753702,74.71613237430347,96.06828061402459
SAR122,21,2,1.902891853262621,0.016431208941510806,0.016856655753941883,85.6334105880951,87.53924768443575
SAR122,22,2,2.018758341841643,0.006985483633885695,0.007547606856535104,33.785041115090735,36.334568874849985
SAR122,23,2,2.033839834323356,0.0063208410697968885,0.006698543514412502,31.876206726522923,33.645492107262335
SAR122,24,2,1.907915971114154,0.01563952625906584,0.01615810691273902,72.39128057590051,74.43423148613088
SAR122,25,2,1.8748378739628313,0.016303381299182143,0.01640088969314009,73.64822796707176,74.32599218350029
SAR122,26,2,1.9714547667559916,0.01098566950253739,0.011548482179197869,49.76448008499483,51.80155020775561
SAR122,27,2,1.8926038499020827,0.008821352494256546,0.011454047987604559,40.420596191111144,51.71227810270486
SAR122,28,2,1.9107207983883,0.007545866960965233,0.007814429227088996,40.21022182516981,40.667235909232055
SAR122,29,2,1.8955934071331781,0.012698104239586871,0.016838912041980632,64.88934622754277,84.90380224495354
SAR122,30,2,1.775390974455845,0.030938874544622224,0.03159244079995896,177.27820207704463,178.51148666540973
SAR122,31,2,1.533359828191358,0.048329370531242026,0.04913910245799901,283.8056672234434,285.13881776898836
SAR122,32,2,1.341210319214064,0.061956866013227835,0.06259347608640209,370.0847592122436,370.5638834658833
SAR122,33,2,0.8653836658194956,0.07176628603464368,0.07301456586062076,429.8086316382737,431.6104179686665
SAR122,34,2,0.87151525941652,0.08231821081198742,0.08644842240028335,490.18997775252274,502.39744517762
SAR122,35,2,0.6707987284850664,0.08668269885710006,0.09222249845702524,517.627760191383,535.874126644166
SAR122,36,2,0.6704726996679663,0.09218261430687007,0.09920890705069414,552.126190572912,577.7774648226491
SAR122,37,2,0.6366343019231411,0.09249739527406428,0.10170923490512078,557.9345868160194,596.3514681338739
SAR122,38,2,0.5492014363934012,0.0951099204029125,0.10940933215237107,563.9226205251862,632.5822746942108
SAR122,39,2,0.632722067691806,0.08473962584188022,0.10317737466510751,478.42732591242657,572.7788004662494
SAR122,40,2,0.8118956927744134,0.08627108447951509,0.09995649784418145,470.85719579178885,535.8495407629666
SAR122,41,2,1.25293144925593,0.06262539762070449,0.07070317898607008,339.8810712535642,375.9889716248036
SAR122,42,2,1.2056611444967027,0.061728615625523835,0.07278503303131695,332.502083837438,386.52452225641315
SAR122,43,2,1.2692123370531596,0.05357704600574898,0.0737203221870285,273.0669109043288,375.11887129016776
SAR122,44,2,1.4100002052703982,0.0498705876176321,0.06106283446279429,248.61032316802675,303.34100731151176
SAR122,45,2,1.441732871351992,0.038902773780061774,0.048667569485534634,200.16223082233273,249.1948898499856
SAR122,46,2,1.4100933904540032,0.045945184040262335,0.05217639860968552,222.10327999085212,250.46193842581832
SAR122,47,2,1.526635716176174,0.033362477688381124,0.038302837313285355,167.45358826131132,190.98527779916344
SAR122,48,2,1.416699030499655,0.04344723460766168,0.05023870572930238,199.84999657261415,229.3609904435741
SAR122,49,2,1.5681432418178889,0.030466600118788836,0.04263947448248155,132.65011575433573,185.5431929362984
SAR122,50,2,1.5803177298366846,0.0386909726421919,0.043841654398714736,171.66113827867912,190.7982987147473
SAR122,51,2,1.441916421827652,0.034467354338303224,0.04648772845225022,150.58709298232452,200.64472538146805
SAR122,52,2,1.5095600227958637,0.03357920315582626,0.03918142981562936,164.04458957878933,182.57157099824067
SAR122,53,2,1.5369961683018771,0.0336921467058463,0.04460521897769807,160.4695209535521,208.35530415601445
SAR122,54,2,1.3625488063329803,0.03878696093729906,0.05344460524643403,192.56342610042975,263.5153961209971
SAR122,55,2,1.199227231957641,0.04569186018453216,0.0641137434637199,234.60164810597416,328.6060703511896
SAR122,56,2,1.3322824935651065,0.044944502130737085,0.06251156785983648,236.35624416655764,327.63337799957316
SAR122,57,2,1.2852320879158676,0.04740608764359351,0.06589954020173826,250.75538455355718,347.4214518771887
SAR122,58,2,1.4720671257210098,0.04971664986521729,0.06411233085262565,266.9677360814667,338.67786775089854
SAR122,59,2,1.5180459024709894,0.051059022507254165,0.05917864896536453,279.9710877437965,315.9754479316623
SAR122,60,2,1.372895943624807,0.05359025255648707,0.05972580831149598,296.7982235696363,322.46334361277405
SAR122,61,2,1.2145202334397984,0.0564695416880978,0.06007206265765745,320.41078031347706,333.84715998839226
SAR122,62,2,1.271264331207402,0.05150420232765089,0.05412707869637313,291.77695232982387,301.75813487689885
SAR122,63,2,1.2593328294086983,0.05131219799349799,0.055756180349097045,282.55874597340653,303.39992003921276
SAR122,64,2,1.509236285917318,0.032570421661717405,0.04020180037908519,171.46242130867813,209.74134613736263
SAR122,65,2,1.5909952121174848,0.027282098602878845,0.03583715820649629,142.38003161787083,186.00951998395126
SAR122,66,2,1.6877460431068405,0.014863209087350055,0.016291429129359342,78.85149223193139,85.73578243416098
SAR122,67,2,1.609924338765978,0.014151034724359404,0.01589706097188348,71.36086894867276,79.64953734112183
SAR122,68,2,1.5672294323781824,0.012436082720266795,0.016257242608220913,59.664817028984544,77.71663538447669
SAR122,69,2,1.6847358388820206,0.00952047247351179,0.009645671862004745,48.295057755828566,48.747863376464935
SAR122,70,2,1.5693096387628387,0.011169967136959454,0.01407046555130026,54.11787526388662,68.4893603285347
SAR122,71,2,1.6166553976041427,0.01539839920696721,0.015399636025141897,76.40411358829533,76.40412396733406
SAR122,72,2,1.4945957010990094,0.02728587398104019,0.028022549164611193,125.506359974534,129.1355064890792
SAR122,73,2,1.4511853843047604,0.0263842308311196,0.02675431867985295,116.75721250393008,118.41271583903917
SAR122,74,2,1.4584538738042054,0.036820021105302636,0.03687392722800649,166.91097845473905,167.2511746927769
SAR122,75,2,1.4034501243672708,0.04496020509582027,0.05375715404766866,221.74087027283667,267.21799620516816
SAR122,76,2,1.2348877587474898,0.059180256520075615,0.07712623770696275,327.62456185760357,429.66218352505854
SAR122,77,2,1.1688495322071843,0.06730341233170728,0.08174322495776863,380.9406466774435,467.8472624891771
SAR122,78,2,1.2660074478574268,0.061078175554347774,0.07754591475185135,362.0871973240546,464.3434740488438
SAR122,79,2,1.2399948090403867,0.0641303088208003,0.08736658974395718,392.8021482831218,537.4068826164452
SAR122,80,2,1.0803593807278429,0.06584512755142363,0.09169775992419193,413.19655577310687,576.6539456830573
SAR122,81,2,1.0601219871114187,0.06630159194057425,0.087535910446786,417.0280377569052,556.1450202971587
SAR122,82,2,1.0979162164422882,0.06185342430866183,0.08747171876304129,397.81948023068117,562.5898865565316
SAR122,83,2,1.1260622083017218,0.06471675774269679,0.08626826820044725,412.5007761073475,555.928165063089
SAR122,84,2,1.2120438691448978,0.05978622628323813,0.0734175479615285,373.82906124004603,470.00054612516846
SAR122,85,2,1.3543576562166642,0.0530770658217042,0.06081444314094206,328.7525183498019,388.52224195834845
SAR122,86,2,1.3239732850990271,0.05238521899790468,0.056585847462245334,316.6392794634803,352.279016926583
SAR122,87,2,1.3267182276823704,0.050551097565851216,0.053177642846490306,291.3300246473168,313.4754178915365
SAR122,88,2,1.3447084311882143,0.04369014633931374,0.043818026362142305,236.79181224586455,239.2908200824757
SAR122,89,2,1.3930095567114114,0.04352159066745778,0.04437356946276646,237.2631187022448,244.6274302648164
SAR122,90,2,1.3293272663666178,0.04591776745604481,0.04710681569165583,250.31517635696127,259.5949811362722
SAR122,91,2,1.2610367869486456,0.042181989694816284,0.04303919525725686,217.33438720678078,223.32761100276923
SAR122,92,2,1.4738994819534263,0.035780886163102654,0.03676866363654441,177.49113511295946,183.42601718590873
SAR122,93,2,1.491597120422691,0.03160214224676643,0.031940453262312936,163.18726971672686,165.57892905906442
SAR122,94,2,1.3890153526855078,0.04037292721876795,0.04038819078577711,193.51078710303955,193.51178205846566
SAR122,95,2,1.3183137417109856,0.03535226448809799,0.03561721155596127,177.63254828239815,179.4953249817924
SAR122,96,2,1.273039518758139,0.04415984276705575,0.04458065598228292,203.28711545622264,204.62866015159668
SAR122,97,2,1.3274585962959007,0.04535050522515496,0.04555259981141482,199.37871773993356,199.68397344705207
SAR122,98,2,1.185093731876218,0.05476938611730127,0.054773894467803966,244.00549180824828,244.35109039131038
SAR122,99,2,1.1383543512261403,0.06288310674706969,0.06439696134756256,303.42165603533886,318.2840871166352
SAR122,100,2,1.1721198469090226,0.05976061864375017,0.06579256072617544,328.5467152395995,375.95737427332597
SAR122,101,2,1.2341576716147853,0.053862206120477166,0.05887787119132237,304.1836953583693,345.88490719418604
SAR122,102,2,1.2986932305876968,0.04576687183223508,0.04702819217487165,261.24396827583087,276.49849540067885
SAR122,103,2,1.3246581063883212,0.036073165043058415,0.041554323445523365,218.02651611961164,259.7814315536082
SAR122,104,2,1.3197380680787003,0.036693475315178886,0.03669431524448443,210.0519552610558,211.71700655483062
SAR122,105,2,1.2356836234675594,0.04573393834314829,0.04592674597246596,262.84566334457304,263.036705933185
SAR122,106,2,1.302706652462453,0.0465164927401526,0.047669364940630676,263.12501192378295,264.23487348548906
SAR122,107,2,1.175636745065436,0.05140135907278687,0.05531628876260688,283.91245504345716,294.71444204608963
SAR122,108,2,0.921457527656554,0.061084876066603996,0.06719571699915072,335.4857550793163,355.6138330256307
SAR122,109,2,1.0397053672220107,0.06458137010743835,0.07130329630378963,358.40530824866664,382.3410337470802
SAR122,110,2,1.0531988438321653,0.06877196759403792,0.07341402058674736,387.41886461619924,403.2154709956628
SAR122,111,2,1.1273520873210177,0.062327213953595015,0.0692949839191927,339.0634047818239,369.27406928171564
SAR122,112,2,1.0590462099642086,0.05819407460648718,0.06862163208310795,305.7444103667722,355.512641830917
SAR122,113,2,1.2680947768018345,0.03913940503252526,0.05373621725605816,206.01982822458422,282.28736155168156
SAR122,114,2,1.4577631539473463,0.03135250561920687,0.034641487098534283,167.79880143355012,183.7012327215729
SAR122,115,2,1.4145896205177775,0.03649586222619615,0.039985042168846026,184.5526515479105,200.72736197203326
SAR122,116,2,1.4858598225715065,0.028621453443600807,0.03186995299568062,139.05764986897157,153.81141576171746
SAR122,117,2,1.4779596336189447,0.027765528938722604,0.030519967528958938,141.3786015195892,154.43954926984912
SAR122,118,2,1.343805434681896,0.02905941337465459,0.03594976436432534,139.67452171794685,172.36252550539442
SAR122,119,2,1.4598434217277934,0.020791252131789686,0.02291699366007148,104.83634204980217,115.23912081678313
SAR122,120,2,1.4023536485027188,0.02406982299211434,0.030461583839886855,112.68345044894386,142.54277051641458
SAR122,121,2,1.3872426844288053,0.028457391910723356,0.03487033639402089,129.29881342033104,158.27985137470338
SAR122,122,2,1.4915225161716652,0.02304572643800825,0.027921471446293446,107.99453641912805,130.6596042597547
SAR122,123,2,1.4238597862248712,0.02577318918334888,0.026815758964000656,134.85566500094183,139.9854145471046
SAR122,124,2,1.0917006134796527,0.03826277279064907,0.04903020283333649,223.63507404217398,285.39373752724504
SAR122,125,2,1.057800707741244,0.05073900685062272,0.05613563071170442,302.0842713212023,332.32860067818444
SAR122,126,2,0.9403906867899432,0.06333567757998512,0.0658272194318943,388.5275488175048,402.5486094198498
SAR122,127,2,0.8348551369470083,0.08128969712025921,0.08385103212787476,506.3169828952109,520.1531142787077
SAR122,128,2,0.6911515230580763,0.09722685037373927,0.10057419139181274,614.0004869519244,632.3427136266305
SAR122,129,2,0.6602616256810268,0.1034845423488816,0.10696799290437992,654.4669973831078,674.1626774492796
SAR122,130,2,0.4408413007037345,0.11921293415184375,0.12410915318683542,761.2851710084087,789.840860210931
SAR122,131,2,0.47439588323738713,0.1210467600566115,0.12608448968784627,778.3810829434028,808.5143567257377
SAR122,132,2,0.48794598895183444,0.12220735702477295,0.1296106461751433,785.0787650870011,831.2815136164643
SAR122,133,2,0.3160088059499605,0.12306003614111219,0.13245500219737077,792.0471876323172,850.9776152757992
SAR122,134,2,0.39307290198999184,0.11987135483786174,0.12585551195390454,760.1670375965823,796.6548254721173
SAR122,135,2,0.09379377995361421,0.11391836251858586,0.11798672746981004,682.2484645469285,704.3773851712346
SAR122,136,2,0.3769915012824461,0.1051848429056934,0.10686951137362258,598.5119871159927,606.3987898203361
SAR122,137,2,0.863662174274039,0.08288389428725357,0.0851493531554677,463.55694775844313,474.3635057065778
SAR122,138,2,1.2512062241144992,0.05606538835371018,0.07084656874337918,310.6155209801409,391.5938152619013
SAR122,139,2,1.285887316677528,0.039041672942512665,0.05295482056030624,203.6871189081544,276.158593301351
SAR122,140,2,1.2802469567521382,0.03740433321878074,0.042072070301559183,187.35127595229005,210.5953767943003
SAR122,141,2,1.3269922687038653,0.022921697740812645,0.029003682356509825,120.809459701783,152.87372955193263
SAR122,142,2,1.4356972882962102,0.019494147978492082,0.01951219781738313,95.9207832660245,95.98625248212508
SAR122,143,2,1.4131790384913872,0.01823748714262382,0.01915174685762993,93.0055777365551,97.55750121376384
SAR122,144,2,1.4112484456445844,0.020607806442424305,0.02131470216856847,97.89814953062887,101.17447924338019
SAR122,145,2,1.3797705516820868,0.023011849933636128,0.023478901334018202,106.08045599373008,108.19727214686878
SAR122,146,2,1.46692067702506,0.021450023658442875,0.02721573269570705,102.14357581986769,129.66837359666366
SAR122,147,2,1.321310689516443,0.03577700054476246,0.044873258051290076,187.0926144911041,234.0307750548864
SAR122,148,2,1.1214853067979964,0.05394992305505723,0.07037314702893534,315.02615852840336,409.3918407164711
SAR122,149,2,0.9715969430331379,0.05679493419971706,0.07689774222193681,336.02304195709576,454.4697976239458
SAR122,150,2,0.778413959906041,0.059521482127864914,0.08368766297024427,368.6619116622337,518.3119391871013
SAR122,151,2,0.5979709915646925,0.08646735677767736,0.10519773872830039,548.718961480065,667.4772501920438
SAR122,152,2,0.7501512689353128,0.09875793797882905,0.12073725159824152,641.0572465783075,785.0511309393756
SAR122,153,2,0.6355021778258241,0.11894842150506653,0.13580323675757527,778.408426442817,891.7340442048907
SAR122,154,2,0.6067409543011676,0.14135613126062566,0.15672325527730827,942.2733218741805,1048.3357228834345
SAR122,155,2,0.4045659598052545,0.16213038134071622,0.1772500126823013,1099.3737657343459,1208.2096300541202
SAR122,156,2,-0.04305652963734857,0.18233031167725533,0.19262026304938137,1248.3426905861802,1327.319284851293
SAR122,157,2,-0.2686148252887822,0.18970495419636813,0.19771150973718946,1312.3866530102082,1375.4891865858845
SAR122,158,2,-0.39631095262807675,0.21181025238152418,0.2188168027315954,1460.8145381321237,1518.3325873575172
SAR122,159,2,-0.33716014019410756,0.22156862457647172,0.23016966890729584,1461.3982678922466,1526.4972713867235
SAR122,160,2,-0.34437716760225723,0.21643800204135843,0.22616343370690295,1363.3672138358088,1431.5135377053398
SAR122,161,2,-0.3235714306713604,0.2061796423090636,0.21755221446911824,1267.4769023317804,1341.5228788527552
SAR122,162,2,-0.3432175746950137,0.192961737220259,0.20093281535344135,1173.102882474228,1225.1879751164147
SAR122,163,2,0.004435272448549854,0.15385180433570939,0.16388609897954004,870.4151879130986,930.7209821333764
SAR122,164,2,0.5698257711754856,0.10910849553810097,0.1182101677366568,581.9652299138302,633.3368959523697
SAR122,165,2,0.7023471767636859,0.080166421910867,0.08531559680874393,437.21860467559554,466.1408641226131
SAR122,166,2,1.2531800351404077,0.04702784415209093,0.05798094362926353,238.50552427441926,294.2179563614438
SAR122,167,2,1.1400042389300595,0.05430452180013541,0.06829855153293408,286.5388718971676,360.7338729676595
SAR122,168,2,1.1364815024512023,0.044788307088171886,0.057533502858975634,217.46218191918615,279.37305384205945
SAR211,1,2,3.2279016239494824,0.005144462768915975,0.005620088987043938,23.62494479526231,26.00665265304647
SAR211,2,2,2.2579515192899255,0.024116274344471014,0.024225547779541383,112.46966768165157,113.23437403104394
SAR211,3,2,2.2298344956189333,0.02377559420373669,0.02453085853309773,121.69943010295401,124.57310240027167
SAR211,4,2,2.122618927832513,0.024548390812551984,0.032553563587011794,138.0362428138328,181.88498821835995
SAR211,5,2,2.163976691259779,0.02280876126834988,0.02466963181718726,132.169397807716,141.3984282353311
SAR211,6,2,2.0317961762653334,0.02167983718205889,0.02190674673390362,129.9521571407936,130.82249438223633
SAR211,7,2,2.05797055989735,0.011739020226133934,0.011767083345889533,71.65253075870169,71.71460357937376
SAR211,8,2,1.9619333590483647,0.014125447354835632,0.0146659036617885,88.26061467874524,92.24994932248515
SAR211,9,2,1.8159785500933179,0.02349557931470965,0.02444314143880544,146.4812803923469,153.34867046742787
SAR211,10,2,1.7520146755539774,0.023659210132741637,0.024718094491091608,149.49480681175737,157.26599256086186
SAR211,11,2,1.7519819516207513,0.023538974295179094,0.025249924712380363,149.07860494617944,160.9831245166605
SAR211,12,2,1.58983685706648,0.024395584433477197,0.03249410073792446,156.36801117365667,208.80572291543956
SAR211,13,2,1.4671696162272085,0.029690842139684176,0.04053227408635906,190.74545596702092,260.81859612218494
SAR211,14,2,1.3569008518866432,0.027882612249022526,0.036734521773209634,176.76499653054816,233.70154029736645
SAR211,15,2,1.427810241691834,0.02591774899997029,0.029611891395994665,153.35250265467448,176.6000255652941
SAR211,16,2,1.5910683300785067,0.02219134005898398,0.02583222102964623,125.65970493574741,147.4122755342419
SAR211,17,2,1.7257679711056586,0.006841054754965818,0.007219745650700085,37.16677877845086,38.803249011277565
SAR211,18,2,1.7754343544259235,0.0032635241001329404,0.003404401545356827,18.111009686807392,19.072270282434555
SAR211,19,2,1.7508902324908737,0.00885050546285459,0.010555839229121532,46.460205019976456,55.75257559260114
SAR211,20,2,1.7586038903856092,0.005134220944301705,0.007094830074766092,25.844520640931478,35.741467904438366
SAR211,21,2,1.7972227693907032,0.006252698692114174,0.007562287435381631,32.735599344502134,39.763816388721814
SAR211,22,2,1.634493415592615,0.008543473377043503,0.008681487681635612,41.39542348178156,42.18737943652247
SAR211,23,2,1.7632422396983596,0.013073735370415753,0.01314500357991324,65.74141242215819,66.20997356307964
SAR211,24,2,1.7599179819024853,0.00306327262466817,0.003269987818601283,14.0389755498054,14.893653925663408
SAR211,25,2,1.7137320048314182,0.004812788592600439,0.006686810751232601,22.141522512325537,30.792624549074315
SAR211,26,2,1.747809257469104,0.00415800409324861,0.005483031492793577,18.245902497969382,23.923447653395705
SAR211,27,2,1.7629035835194669,0.008121976536128964,0.008377642560347382,40.782484063943684,43.03483019444036
SAR211,28,2,1.7566526840906582,0.008504319717371707,0.008628178575603685,45.5111172646325,45.5626925730906
SAR211,29,2,1.7366733674956265,0.013423465282041927,0.016946867394300926,80.33615454697656,103.36195473053827
SAR211,30,2,1.477271264633221,0.02362773657670086,0.031210891291868017,147.2456061638827,196.69431693779347
SAR211,31,2,1.1420870494554762,0.03828395738023837,0.049420232812715674,241.1910626930421,315.8155688225833
SAR211,32,2,0.8540238652067988,0.05283413817846293,0.0628932576540801,333.09338517975493,406.5199224654663
SAR211,33,2,0.48920666997188395,0.061737522829028585,0.07401898387294747,391.6085026517894,481.5101334875392
SAR211,34,2,0.5090216910981835,0.06549174882075282,0.0769761929258931,417.57817232115076,505.58898405909235
SAR211,35,2,0.32010326602089134,0.07169987202707664,0.08529102742971377,459.9718168843747,563.0839575499945
SAR211,36,2,0.11734560068394106,0.08185297461507135,0.0932711735262045,519.7532143699877,610.8993914672641
SAR211,37,2,0.03390043889818739,0.08681139058995137,0.09647981446382906,550.7909514604271,630.6908993425602
SAR211,38,2,0.3113572268001849,0.08713235144816624,0.09205532742219617,536.5511832233242,581.4534469166236
SAR211,39,2,0.6712424671638988,0.07891515121259657,0.08030115587752759,456.372544705569,471.00559585692093
SAR211,40,2,0.4762522503621663,0.08440597186996321,0.08676286112638498,468.2002174273862,488.33793918060064
SAR211,41,2,0.6355507362688414,0.061327646847685775,0.07166394787880034,347.1376435426696,413.36085602229394
SAR211,42,2,0.8567918970478896,0.055014277945751464,0.06010686544360799,303.7457024836731,337.32318663501667
SAR211,43,2,1.4450125295155418,0.030888826096314617,0.032514524548227036,158.9932167578454,169.18763175724754
SAR211,44,2,1.5971132261221856,0.014514074893612817,0.016436559088836837,71.99577123074369,82.14326205706793
SAR211,45,2,1.553800461280486,0.015120875416702532,0.016642323966763642,78.27210938086955,87.03260997634781
SAR211,46,2,1.4829549850116632,0.00829022193384478,0.008515805050315243,39.83908566146647,41.24204785630513
SAR211,47,2,1.4910560391202243,0.010482000987282188,0.010482761131768794,52.122761562011874,52.13316765783256
SAR211,48,2,1.492680188267653,0.011663666489369999,0.011739959413316218,53.1400008505193,53.31887618267506
SAR211,49,2,1.5540837702903145,0.01975304583494833,0.023779012439946942,88.33114218437686,107.19955855546665
SAR211,50,2,1.68771531385983,0.006195828096152586,0.006925989157754986,28.885928209535905,32.98695627052705
SAR211,51,2,1.6188076643546627,0.017065753942603658,0.01707784493996464,81.97435282950619,82.30992635836394
SAR211,52,2,1.5584138401306822,0.022937437445367942,0.024349010628652423,129.4948614538962,144.32918301564465
SAR211,53,2,1.5105778988758602,0.0285571202055665,0.029035076653463728,156.22094347605707,163.93235805173714
SAR211,54,2,1.454656165881292,0.03168509693252602,0.03173411348383507,173.34643395216608,173.7563555055128
SAR211,55,2,1.4586626828857954,0.02968265877127521,0.03184755351250109,159.62245671798973,166.24292717708371
SAR211,56,2,1.4691563671473102,0.03776267820888715,0.04125036051208439,206.17587279772897,219.00905244406792
SAR211,57,2,1.3812934585429373,0.04159629752285908,0.05608442771750011,219.83948534921046,293.73431289161886
SAR211,58,2,1.3479035745621706,0.04961910824184164,0.05772029036603768,270.7699334507802,306.59381303310016
SAR211,59,2,1.2902723141347727,0.057509790135746364,0.06475710028945492,317.84969682063,348.6396780994412
SAR211,60,2,1.1386143086968321,0.0719889624225217,0.08371593153854258,400.41523951414047,455.48636073838463
SAR211,61,2,1.0509225416148005,0.08128226464381835,0.09313886117586578,462.621843500212,519.8145499047578
SAR211,62,2,1.1134223903889704,0.0814763795377427,0.09723737408458454,464.3074785733297,546.7524684474104
SAR211,63,2,0.9689612390667887,0.0806821544301771,0.09736385787849522,451.4494601555357,541.2023800138958
SAR211,64,2,1.3050823360418686,0.05983318828826084,0.0831930715987124,321.6566124694232,446.85541870411095
SAR211,65,2,1.3808598674485724,0.05032613054705725,0.07013482990996832,267.79320279747026,372.9103350950545
SAR211,66,2,1.4981233543066519,0.03732099618073835,0.051697354133471936,200.27303449204237,277.2308355147936
SAR211,67,2,1.3919542961639522,0.031631157176999145,0.03821278721111124,161.103421625603,193.9171721341997
SAR211,68,2,1.5943662642129564,0.025163010444630287,0.031232223911506988,122.21642034659317,150.96748157435093
SAR211,69,2,1.67242026695987,0.019501244370479644,0.02043998475162849,99.09440418758822,103.2446925978667
SAR211,70,2,1.586352418325949,0.026025478828758525,0.026295072001652705,124.43019341686386,125.43012066787875
SAR211,71,2,1.6583474952014408,0.01028563700613818,0.014482311729899673,51.84986621715643,73.01202238773662
SAR211,72,2,1.6084097651713818,0.016538779755105905,0.02155152320146839,76.43049107172556,99.62609038013915
SAR211,73,2,1.473451656330309,0.029198342365613743,0.03283459365858189,130.4857336742598,146.52909374282254
SAR211,74,2,1.5162369204274082,0.021972023436492086,0.026552860929940466,99.23229192851886,119.40092841835856
SAR211,75,2,1.609677575939557,0.012553032292905551,0.014474470417317583,60.199707532310185,68.47364168530089
SAR211,76,2,1.5299007506902567,0.015720611637139274,0.015924740640349055,86.93807957802164,89.10224310056647
SAR211,77,2,1.5907909542992198,0.018146922602403946,0.018296771264908772,101.16207930498877,101.33523101458327
SAR211,78,2,1.441189566849931,0.01844137159866173,0.01850472824308485,106.84543696954961,106.8478085968502
SAR211,79,2,1.4535126530340259,0.017326454638509008,0.022885609747533328,110.29679986025894,147.1622282774919
SAR211,80,2,1.4854989333298985,0.017343619463498102,0.023672085627503413,113.64133872527054,156.06960004606938
SAR211,81,2,1.314738088357435,0.015979383483325872,0.020860334085146138,104.80808783732391,138.76001175844627
SAR211,82,2,1.4294156830175888,0.019307036141694964,0.01930717048627885,117.0128042227675,117.8736198262856
SAR211,83,2,1.5326780441470627,0.019685303720622035,0.022586545532379848,110.08212984328884,121.47257966891945
SAR211,84,2,1.4668868911817556,0.02020902799903557,0.021792348284873725,114.90587707376835,119.50457447954857
SAR211,85,2,1.4877259516246149,0.027655618931862993,0.02877558180560864,160.31446995954184,162.420147492102
SAR211,86,2,1.472708931215838,0.026815824692881574,0.028404490210849412,153.2456955511302,157.57115538360335
SAR211,87,2,1.5983592978599908,0.028409832428586784,0.029615618944800026,158.50688597793305,161.59296992326915
SAR211,88,2,1.5218413059336071,0.034031422450009605,0.034238420635828264,189.2124589573732,193.02751615044778
SAR211,89,2,1.4232423747496767,0.02511391776716413,0.025436020515324533,136.25194189203876,136.76789012903865
SAR211,90,2,1.3947278981571647,0.02126110740537491,0.023248040722670015,113.11724744855064,121.28420813179196
SAR211,91,2,1.4234225948219206,0.01713563369954383,0.0203219453391947,85.9503529257363,100.50986904418659
SAR211,92,2,1.4966441335555773,0.01459356172573422,0.019474976254876705,70.41314753743018,93.58356802032696
SAR211,93,2,1.479296874893732,0.012924334540953271,0.01722763717109536,64.96695512622773,86.25230355955357
SAR211,94,2,1.4524899908464088,0.018559667119891682,0.024233838215408057,87.06274456210986,113.05772231386985
SAR211,95,2,1.4525811853784432,0.01657663073815218,0.019587849643852625,81.99011058181759,96.02437327751197
SAR211,96,2,1.361240661599287,0.02629245949291026,0.035498462519552895,118.93516742930615,160.08632319528712
SAR211,97,2,1.2988499769703976,0.027004575440666034,0.033147745432005,116.09897921039374,140.72617868356298
SAR211,98,2,1.3623166543960892,0.03123891530519136,0.04166227601344647,131.6039226407629,173.91825298339205
SAR211,99,2,1.248762182853759,0.04195903405781043,0.04396528662941588,193.71099969484658,197.80791980104695
SAR211,100,2,1.4341687718944192,0.036722263321014734,0.03675932752795487,194.55737921760465,197.81342073584918
SAR211,101,2,1.466537741530635,0.0276530164962177,0.028221239773191586,145.66261530063912,145.939717029536
SAR211,102,2,1.4659399525115124,0.01993425304348466,0.02154026900434852,106.23420117357136,110.52651946500809
SAR211,103,2,1.5992093753914083,0.010474422262356987,0.011924230394601014,55.81257159630832,60.99778367068137
SAR211,104,2,1.3815578312805368,0.04014682363727394,0.04021508439860084,232.96963314870527,233.6894255753365
SAR211,105,2,1.22061789151837,0.045469718833064526,0.04697885833919755,260.3451305403637,262.1527692141862
SAR211,106,2,1.2251008412943634,0.055307188795282396,0.05719743572756951,317.56312423334566,319.76208933071877
SAR211,107,2,0.8415545496784582,0.07338474259114922,0.07605784364241053,422.7401368506312,426.198922453044
SAR211,108,2,0.4415644768723902,0.07827467417804435,0.0859119641514135,439.3409901839045,463.1536230281399
SAR211,109,2,-0.17731910995081507,0.07739698238831481,0.08947879999956146,431.66619528922456,480.647934958171
SAR211,110,2,0.17797828791723946,0.06697374813053122,0.09024351099724721,363.7530852617906,485.2641589824753
SAR211,111,2,0.20580639038625376,0.07089425556755512,0.08991225295026245,384.41430954581074,480.5387074766529
SAR211,112,2,0.4596170391015973,0.08563241551625751,0.103911830023483,459.9229833555464,551.1446532864709
SAR211,113,2,0.39809524546053043,0.07341146873702581,0.08243119885142981,399.1520676953878,443.72880396751304
SAR211,114,2,0.8146742070218868,0.04532258023198274,0.06106617961319281,244.06961628335603,328.0520821277891
SAR211,115,2,0.9015737799568724,0.05001402033271453,0.06503038100601392,255.34336431515885,330.8847440075063
SAR211,116,2,0.96545619893343,0.034720075595275755,0.048296743553919434,169.04015222086173,234.9871317171765
SAR211,117,2,1.2376089760286946,0.03159200138583719,0.04147223686629501,160.93388100326638,210.71146850862678
SAR211,118,2,1.1906399641985344,0.031753479147253356,0.04325270877922279,153.1259397509143,208.41354883707794
SAR211,119,2,1.391551900576617,0.021724446062703448,0.027564321679299716,109.66542918314917,138.91582236103628
SAR211,120,2,1.3029540993740523,0.028252016446071615,0.03682440897295037,132.85845310628702,173.1062413518851
SAR211,121,2,1.2979194768227034,0.04144772895289488,0.04598324729242,190.14245913822242,210.41480064355142
SAR211,122,2,1.2301908379299067,0.03194580471566838,0.03531841414444805,150.82176123161662,166.26450946144334
SAR211,123,2,1.2450052904374393,0.017550860119249168,0.018692734977655258,92.9117567644339,99.11087864641537
SAR211,124,2,1.330390047875061,0.023167029368368508,0.025638104421470576,138.2592648929549,152.29148958838613
SAR211,125,2,1.0821562144041232,0.03489096630713845,0.03498784642626538,212.54413313710802,213.3207568849695
SAR211,126,2,0.8815225824830175,0.05886404009350858,0.06074666741770576,369.4952468441488,382.27680668770506
SAR211,127,2,0.7792581350749761,0.0791699656871637,0.07924551606427434,501.8189271197366,502.76694532675197
SAR211,128,2,0.3719877334586831,0.10469142774813768,0.10469142944534726,673.2807866492694,673.4658106732236
SAR211,129,2,0.5006615459649255,0.11460949038916907,0.1146170264585112,738.4855914672271,738.8811821619545
SAR211,130,2,0.455474757608761,0.12498563418190728,0.12556765518254667,809.1867795523726,811.735493624998
SAR211,131,2,0.4900652142923203,0.11912017008515063,0.11949374717179655,777.8392641628602,779.663058549011
SAR211,132,2,0.3560853282230993,0.11903737291746361,0.1200960064581807,776.2806541419504,782.7219913893609
SAR211,133,2,0.5362015791168386,0.12128853135937859,0.12366589841510578,791.4203211086137,806.107591926773
SAR211,134,2,0.7187530375525586,0.12174589107653658,0.12360477643869493,779.2762372197049,790.1294057166864
SAR211,135,2,0.6963671704843166,0.11395301704196084,0.11470595532845541,689.9286287722216,693.4587619225629
SAR211,136,2,0.620535993769104,0.10763044464651637,0.10766696413892698,621.36685427574,621.9891762886309
SAR211,137,2,0.6458824468829124,0.08215583089302408,0.08216780477246667,465.60654893408946,465.60737808828566
SAR211,138,2,1.1299830604936913,0.03852312809694286,0.05437574197485015,215.21996046769846,303.78133351803103
SAR211,139,2,1.2979258842363128,0.028242954782009576,0.0385696195956268,148.7590117041109,203.16589880143096
SAR211,140,2,1.315010918448255,0.02284316384728864,0.02814904690151632,115.12293670772033,142.02777073493752
SAR211,141,2,1.2686949201331383,0.018558619906324514,0.0242742788001529,98.09822090096486,128.3555825953506
SAR211,142,2,1.1618294228160604,0.012913534572446778,0.01362920792933498,63.38435088000324,66.84686404818471
SAR211,143,2,1.3055616498376996,0.016630315740731417,0.01670364276178914,85.08112834445501,85.42868875291533
SAR211,144,2,1.1177259757679563,0.020770629314814534,0.023933987190554208,98.24329021702397,113.08736675313774
SAR211,145,2,1.0484978396001576,0.0209259069306727,0.02436132186442115,96.08095001277388,111.83099381444217
SAR211,146,2,1.1688724011711347,0.028719582640745936,0.030184911978245434,136.04243342240943,143.31940478168826
SAR211,147,2,1.2489091283503162,0.03308262543718361,0.04297929641900732,172.91395646116007,224.3358217082698
SAR211,148,2,1.1219297433244066,0.04277901366970101,0.0602431320635947,250.51846241751855,352.7313801392929
SAR211,149,2,1.1649796257995428,0.043035678770604366,0.0599592395644091,257.3777985842203,358.52620177536807
SAR211,150,2,1.0479532246637975,0.056596508274346397,0.07935295598182066,351.60415055956264,492.94565485965063
SAR211,151,2,0.8613760468415055,0.07464944059493255,0.08716332844537773,478.59909226585614,559.8763199659279
SAR211,152,2,0.6835154269488601,0.09180506590227147,0.10769723490095678,599.9324987866821,706.4278499612996
SAR211,153,2,0.6477816143733515,0.10649925446395954,0.11920095502681263,702.8765502494211,790.8149832022738
SAR211,154,2,0.5161390272410324,0.1255688124052583,0.13658056584711042,845.4728400841345,924.6158910741132
SAR211,155,2,0.3903873436659568,0.14469266618845528,0.157279388055049,991.2647772929613,1084.6525542653847
SAR211,156,2,0.35035646573076373,0.16524958830520714,0.17514408453298214,1141.882397307394,1218.84042346987
SAR211,157,2,-0.3332464865644193,0.17275753195424873,0.17740162674207682,1205.6207173318353,1246.0913782242887
SAR211,158,2,-0.5801866242770574,0.19943882523567533,0.20348256511120688,1383.8480289277632,1421.1531468205249
SAR211,159,2,-0.6447274930031899,0.21062632056399547,0.2153528578505926,1397.1275418476694,1437.5128965299175
SAR211,160,2,-0.9508674310437739,0.20695781570437072,0.21146113959642054,1310.4565660333274,1346.979303822457
SAR211,161,2,-0.4240821395495651,0.18789131214534133,0.19415969876931566,1167.3366566694463,1212.27582497382
SAR211,162,2,-0.2372374228519743,0.17240824380015674,0.17955212184078073,1059.510128665916,1107.4610783150472
SAR211,163,2,0.45008440430648033,0.13635518022585097,0.1447500950755949,778.9879303547714,830.9403235876658
SAR211,164,2,0.5333645894822628,0.09636256050043641,0.10424432203179458,517.7770932787012,563.0901281641019
SAR211,165,2,0.9764383330414785,0.0683024655017968,0.07239944219719584,375.0081358928983,398.48662289873187
SAR211,166,2,1.2123105072111817,0.04785418094645164,0.05541242532032571,242.93439742019154,281.74004647669557
SAR211,167,2,1.043660569607602,0.05115347070966918,0.06191151690523691,270.82107882538685,328.43922595857447
SAR211,168,2,1.0183284546524694,0.042362474046179203,0.05110676507866993,206.4310603059621,249.3134794580584
SAR212,1,2,3.340415469163082,0.002763217907499421,0.002811047622468386,12.594285045610832,12.86965953947646
SAR212,2,2,2.399411149263499,0.02040929532226915,0.02089265542696543,95.497831580808,98.16056324607814
SAR212,3,2,2.2961978101661966,0.02185383388518741,0.022213291272059246,112.29834209474348,113.4971539497272
SAR212,4,2,2.0490927708873485,0.02498940639633654,0.03267600733656154,140.7176289141521,182.61028300872678
SAR212,5,2,2.1915028074137815,0.014389959635093277,0.015134572418696089,84.07104441694946,87.62231102300385
SAR212,6,2,2.0307961404712334,0.005303100722682738,0.006876429282422215,32.873344336840546,42.79269082401555
SAR212,7,2,1.9775743169895663,0.017711070323473285,0.02363870525559909,108.00285266898845,143.8584481067078
SAR212,8,2,1.7931859708990072,0.024058929761227532,0.03135600263714821,149.59272528514384,194.46690822513744
SAR212,9,2,1.687135486356832,0.02847795846842202,0.03725117419747008,178.31089384433335,232.7656737990295
SAR212,10,2,1.7910630679673725,0.037677621969289754,0.04287593061915055,239.87886633329344,272.054302077579
SAR212,11,2,1.7062320540020495,0.03391266998000203,0.03798250367420378,216.0471210144483,241.20763409486008
SAR212,12,2,1.5487546291619823,0.04398168417738699,0.045895718910485724,279.96978526649036,291.20533051961036
SAR212,13,2,1.4504719314114014,0.0471717591704833,0.04861807185835944,301.3799733370224,309.64790538310837
SAR212,14,2,1.406002528087333,0.04872189260995012,0.04972508679558042,306.51429750443685,311.9721489686685
SAR212,15,2,1.6369055248525135,0.04253512436592097,0.044037524327292486,251.7111834477946,259.8375538767834
SAR212,16,2,1.6756886448912605,0.037321367772160316,0.03875274383046309,210.38329934742205,217.66184769393683
SAR212,17,2,1.78887207540726,0.017882013267316817,0.024417380943263508,96.74933663816955,131.82011221603776
SAR212,18,2,1.7931893591661132,0.015439499452126033,0.02005786873734685,83.33371668709242,107.76080043413063
SAR212,19,2,1.677777905563179,0.015048594882789468,0.01631577193741268,77.77729572923226,83.86448674338345
SAR212,20,2,1.7761854309533063,0.009760037752746163,0.010093644492151633,48.311878609253654,49.79358862947879
SAR212,21,2,1.7794447453458524,0.008484301507695862,0.008488664206507488,44.25076944978264,44.310117028221136
SAR212,22,2,1.715190189554496,0.002037955719191187,0.0022320459687119555,9.951842804400712,10.9550646172581
SAR212,23,2,1.750153096042621,0.0015591922788167614,0.001773393654282775,7.803497069570767,8.832598716987247
SAR212,24,2,1.7708285479376338,0.0076670226773031674,0.0077653282558712965,35.68947666165377,36.29072907693768
SAR212,25,2,1.6823007052337566,0.010124734868347973,0.013471418284224414,46.67981465691855,62.31943349845047
SAR212,26,2,1.5832336673269867,0.013483162808615605,0.013524231152283269,61.79893328163462,62.279280680392745
SAR212,27,2,1.6564356375704148,0.004651898635502923,0.006063336300098203,21.06284643309573,27.03759168543928
SAR212,28,2,1.6836127541749806,0.006194475781213023,0.00746511186318473,31.056231652852148,36.161493029314755
SAR212,29,2,1.7203581141838007,0.006827856521435008,0.006948938011320291,38.83901749938059,40.42478104050617
SAR212,30,2,1.4468099326197392,0.025115675758270933,0.025153505827071158,146.87888444912824,148.4730912343049
SAR212,31,2,1.2879115609947853,0.043555643827860493,0.04356018515505709,258.6357146240043,259.38973748323815
SAR212,32,2,1.1143819098662586,0.06270534316581008,0.06313033884849703,375.22310800998594,375.3288470660971
SAR212,33,2,1.0483107145549615,0.06923803994275447,0.0696275591804316,416.71748865885866,416.7297783073116
SAR212,34,2,1.1038388505176155,0.07477896829847702,0.07653903094878951,447.69445013267796,450.56700945879265
SAR212,35,2,0.9220417205514149,0.08296260645959566,0.08518196529006132,499.3049874440826,503.4120797310847
SAR212,36,2,0.9987384907366399,0.08875025489118796,0.09219374637168189,534.803462752192,543.6678682502042
SAR212,37,2,0.8575414590689607,0.09006619959284612,0.09524964896853058,546.1676857249263,563.6314467666587
SAR212,38,2,0.7870972737699997,0.09402225490656232,0.10439521747624478,559.1421103477105,605.1932382840145
SAR212,39,2,1.157076612529783,0.08271312126305652,0.09708483571188284,467.41937675465033,538.1048953899266
SAR212,40,2,0.9876664257082524,0.08558980150379186,0.09669660414747754,467.52692807927997,518.485266031726
SAR212,41,2,1.2795795206601128,0.0629856354511851,0.06735395306268246,343.7906745455798,360.8960380004372
SAR212,42,2,1.260087969923854,0.06166167696601561,0.06865064553698054,333.0816929458638,365.2147281129409
SAR212,43,2,1.2982478474778287,0.04565067137097477,0.06169247089003852,230.9724076322036,311.2395291271283
SAR212,44,2,1.6041969580550917,0.038310566066673234,0.05034542665866329,189.24670957617627,248.15239279959695
SAR212,45,2,1.593878730571475,0.035729251778096195,0.045010722269886984,183.3466097026958,229.86514088538243
SAR212,46,2,1.6066870593784168,0.04054686243329737,0.045248041871422194,195.4547712427884,216.4251127849448
SAR212,47,2,1.578591035401961,0.03101380069834877,0.033150123156879936,155.9419086505186,165.4726941993679
SAR212,48,2,1.5403287628650402,0.03909444736679685,0.044022417604235864,179.50413119855875,200.41789249879574
SAR212,49,2,1.518461225358287,0.02359625972098023,0.032893324770137775,102.05748945214691,142.14258244024822
SAR212,50,2,1.4994401152329422,0.026780597993563308,0.032520357057706784,116.79576971845017,139.48463885524362
SAR212,51,2,1.5900480206114378,0.023627978482993084,0.03180827858028034,102.27153152497931,135.87277587522755
SAR212,52,2,1.6736139723477323,0.02418100290154386,0.025431408381874104,123.01376076300858,124.79082710420917
SAR212,53,2,1.573472110141481,0.026607730685904524,0.03142415126734239,130.4860065057078,147.85256096717941
SAR212,54,2,1.609767671067587,0.03347521835307842,0.04205702460883972,169.13337247187974,206.7777950268899
SAR212,55,2,1.3954758294201446,0.03906579361229945,0.05148094878673992,201.7182523137717,261.84753307360324
SAR212,56,2,1.4807674311083139,0.03721481622079513,0.045933716070018976,198.3623823673115,239.20338598515173
SAR212,57,2,1.3903601827276193,0.04258919320574348,0.0582483858817335,224.78579875584774,305.45895981586466
SAR212,58,2,1.5346380320908688,0.04569971436442873,0.053572170920347065,248.49208688221916,283.49344773593214
SAR212,59,2,1.4552282741686475,0.04642173605925426,0.04956414745144288,257.8806852734451,268.6060660723182
SAR212,60,2,1.4238198631401544,0.04713138971241708,0.0491031659349963,263.7910660580942,269.51095167831323
SAR212,61,2,1.2623585141398135,0.05029310479358856,0.0508498757968393,288.34154274392085,289.01405858682796
SAR212,62,2,1.3129376730746414,0.04459862729725614,0.045811755268854934,253.193750831334,256.79034680832393
SAR212,63,2,1.3451880056432104,0.04603707171795265,0.04814977704740831,253.58943037508698,262.44033151136716
SAR212,64,2,1.6340344786191627,0.031150716912613185,0.03631984214059773,164.32764343057124,189.4399071939835
SAR212,65,2,1.529384864672327,0.018679815864429072,0.024179960182832177,96.83945620142731,124.50518970024406
SAR212,66,2,1.4699238929755494,0.009382096875760502,0.00949613181385294,50.41917308391248,51.278029589367584
SAR212,67,2,1.5841236665537606,0.001352939482248172,0.0014316734790838215,6.785764260526321,7.132056004075368
SAR212,68,2,1.4920911853419847,0.003681653017947324,0.0038639031214235003,18.101344449097724,19.144693257193023
SAR212,69,2,1.5475415969497455,0.005098114747026124,0.006683844951377294,25.152751735289712,32.839055287300845
SAR212,70,2,1.652080679259263,0.011144141643804971,0.012456988546125225,51.928890630936166,57.611433440518674
SAR212,71,2,1.5867386655335363,0.02254566120895863,0.02568938845985482,110.20097615951045,124.94604074931588
SAR212,72,2,1.5461126426924667,0.03277594149733859,0.03362314590723309,149.02274456415944,152.52016862790612
SAR212,73,2,1.5012948818793712,0.03462431330456406,0.034624314145167735,152.86239141101169,152.86417611668085
SAR212,74,2,1.4215710653564395,0.046764661159520514,0.04847441531591713,211.02192938605185,218.98814317371173
SAR212,75,2,1.4455802184318522,0.054683672936197185,0.0663456763501158,267.9726918230367,327.1572031435162
SAR212,76,2,1.14578901122322,0.06972205100049025,0.09178837492671657,382.6673630129235,506.269070745471
SAR212,77,2,1.130650594149728,0.07448225079196644,0.09243569023400393,419.6009353386348,525.5503142321724
SAR212,78,2,1.1979092225527177,0.0716835061859306,0.09109919464205614,421.48540059180414,540.5137751081035
SAR212,79,2,1.1456378356329495,0.07380779506774496,0.10027697008429438,448.0729159506177,611.3397420701564
SAR212,80,2,1.2113576371510582,0.07288399384372975,0.102298959139522,454.5532074278394,638.6381344604994
SAR212,81,2,1.1367144155399769,0.07550770349992668,0.1041191229310878,472.8371663793878,654.328334068774
SAR212,82,2,1.1706973335579085,0.0818048529242229,0.11009590025834429,513.9033606767571,696.914355900912
SAR212,83,2,1.0474606494386363,0.08412238079814925,0.10476906015863616,523.5154358983082,665.1345213555214
SAR212,84,2,1.1104410167984076,0.0729772431151816,0.08907670529291208,451.64116053578346,564.0805997827414
SAR212,85,2,1.2554206797036802,0.06797364796840938,0.08062696645373942,419.427120990571,510.6638412659304
SAR212,86,2,1.2170548067897324,0.07162962145121327,0.08095787875655956,431.89797138183076,501.1306467610311
SAR212,87,2,1.1514413622746866,0.06590348509815183,0.07269126014033578,379.8010564206693,428.30122341348124
SAR212,88,2,1.0220021932774808,0.05908825151424556,0.062037923385512825,322.23612206181315,344.11658183112314
SAR212,89,2,1.1737637412531465,0.05584305982050977,0.0588900497866926,304.4622677145403,325.43805634625807
SAR212,90,2,1.3721017772452702,0.04756570691413745,0.05045923536305422,259.962391124292,279.5448468837903
SAR212,91,2,1.383745001122171,0.03992373001748664,0.041632160008049666,206.114597434394,216.96835599851974
SAR212,92,2,1.3705089375879878,0.037805193589177985,0.039478012029225296,187.50897220786192,197.05371081481985
SAR212,93,2,1.3963324397003127,0.03269999844366924,0.032996103610854824,168.80981873220844,170.94509539434085
SAR212,94,2,1.3921709544079355,0.036780243736061424,0.036907895127777014,176.20317731518207,176.49347798890767
SAR212,95,2,1.4402149647587328,0.03051313653626799,0.030516632734569397,153.20240404821652,153.21040601549052
SAR212,96,2,1.2053546371798567,0.04082260972281946,0.041095690826731646,187.86397010834207,188.6362847975267
SAR212,97,2,1.1541766178691872,0.04335742047979253,0.044133668322415956,190.24325442660393,192.39670535209555
SAR212,98,2,1.1471987244720327,0.04995141930147197,0.049970953349986864,222.41171424173262,222.59433256935185
SAR212,99,2,1.2022041676351352,0.0576704576469596,0.059392716337674074,279.1820860585676,295.1595150425052
SAR212,100,2,1.305045655714474,0.05818963463972625,0.06661020662389239,323.04238637067965,383.61071634664955
SAR212,101,2,1.1340639744975785,0.05754371591812192,0.0643281136280308,326.1661721408482,378.84556080305254
SAR212,102,2,1.23165487128612,0.04183060667181822,0.04626899736959382,244.54504786667258,280.5629187390007
SAR212,103,2,1.3510442073825013,0.03878370625289451,0.0492471900776978,238.57199231551112,309.2650876434926
SAR212,104,2,1.3498294893624927,0.03569277809090727,0.03614243890277153,207.50744059393537,215.1560103589683
SAR212,105,2,1.1183981964126215,0.046607680367299155,0.04669416304091726,272.25722210646745,277.0599764034936
SAR212,106,2,1.0703573176999743,0.05548027205683391,0.05553803630832373,320.233116207844,321.3970209850762
SAR212,107,2,0.8722176130086727,0.059150359813209555,0.06328641773484252,328.19495010726087,339.37929486437196
SAR212,108,2,0.5057469610326688,0.0757577300926604,0.07977984976592639,423.3523118047947,433.36398929513626
SAR212,109,2,0.4147036778480222,0.08175111662513933,0.08658439999459144,460.99508573615503,475.19512105134095
SAR212,110,2,0.6590625756092615,0.08702163151118064,0.08954683315883043,496.1966914343416,502.4813672551034
SAR212,111,2,0.5258957923535085,0.0749449548322543,0.07993676835366018,411.3741173597432,431.39408952011627
SAR212,112,2,0.5686922179540695,0.080610913575584,0.08860284214338746,429.39092000124447,466.53683507506713
SAR212,113,2,0.8632282119180303,0.05913495127754535,0.06413827745723351,316.0844168121057,340.56615793247227
SAR212,114,2,0.98051925655307,0.05188191557825952,0.05239479423270986,279.8374694901904,281.8706366541936
SAR212,115,2,1.041120833234988,0.051686308638122055,0.0519667303906204,262.33579721153956,263.3374186299778
SAR212,116,2,1.0459251712767843,0.044774706688961115,0.04483129741963093,218.2813970507582,218.73390142308736
SAR212,117,2,1.0579349710283639,0.04197516983723117,0.04222298471054849,214.23854826143997,215.83878994059125
SAR212,118,2,1.1646682103170183,0.03632363150439598,0.03680955508889138,174.45848718556817,176.59064569157437
SAR212,119,2,1.3030973259491632,0.027213957420832977,0.02730404739171083,137.05600475381516,137.57788082471228
SAR212,120,2,1.2973527719680553,0.026813734689542637,0.027203066605378374,124.85074834105035,126.64373401541194
SAR212,121,2,1.3565097881388368,0.03328757434138668,0.035425578604883844,150.9886034984761,160.6058176218915
SAR212,122,2,1.3794605374067668,0.03134832650051819,0.03207350600669402,146.76057034619498,150.1115297364314
SAR212,123,2,1.375702128593821,0.03950081389108919,0.046731558240456605,203.3418396236816,239.48712839443053
SAR212,124,2,1.154669221375519,0.05083212954169385,0.0659682819277708,293.76038867512125,379.4638323580414
SAR212,125,2,0.9699918189208806,0.06291657269318986,0.07104791034982236,371.4330188895369,416.32639577271425
SAR212,126,2,0.8796533371011117,0.075871309227759,0.07879172470474811,463.9449613207503,479.61953989104825
SAR212,127,2,0.6220110099434066,0.09006312646596605,0.09287792242258369,559.8483658816417,574.4907899245065
SAR212,128,2,0.3392555594105618,0.10956042404918734,0.11276335877481364,690.9810294697927,707.3757719538575
SAR212,129,2,0.3498821555090046,0.11787702824773488,0.12084980299662745,745.0522019733362,760.4579743242249
SAR212,130,2,0.2191806403493507,0.1267927829951713,0.13085651067796428,810.2814389014693,832.9683870076582
SAR212,131,2,0.09137015585946788,0.12818361266895228,0.13282355709831542,823.9648492974052,850.840913992404
SAR212,132,2,0.12276795983006683,0.13277051124486236,0.13757326376999818,855.2847794661125,883.918027622572
SAR212,133,2,-0.2281555506496079,0.13490122190179665,0.1411022239649867,870.6144836465169,907.8453800786216
SAR212,134,2,0.29138413548052233,0.12889554697868139,0.13311576246743775,818.9758701086407,843.6101188263045
SAR212,135,2,0.3373717877485379,0.1249469490353697,0.12770640861269886,749.7839180104697,763.5847547506701
SAR212,136,2,0.291768859070187,0.11473731926838665,0.11536560625972164,655.7496841426332,657.9957401391366
SAR212,137,2,0.7235313602305684,0.09603573003769916,0.09652293497159166,540.923576569111,542.4518526220174
SAR212,138,2,1.1852160346951621,0.06088040068679121,0.07121633339133648,338.54515100435765,394.43432636447045
SAR212,139,2,1.2935750184630106,0.046026487856554776,0.05789033108607291,239.77317255431853,301.0456972681194
SAR212,140,2,1.1548032436955933,0.041378717934614194,0.04549466045786283,207.13644105984258,227.4589240745284
SAR212,141,2,0.8984123481989543,0.03270313110102674,0.037268218983689864,171.8885686660592,195.61846878227465
SAR212,142,2,1.4575505323398252,0.02355108041922928,0.024207673681059774,115.41715833119451,118.43318603672492
SAR212,143,2,1.3164444918389324,0.025342687191567508,0.025980816097127588,129.20208433264997,132.24488211002014
SAR212,144,2,1.4141954245136863,0.031281932579931455,0.03489090914014946,147.3654177417402,163.9311610164918
SAR212,145,2,1.2455967601902629,0.03321557911880202,0.03523216435714256,152.26807555499818,161.2086099814044
SAR212,146,2,1.1899367911862024,0.026465185286152257,0.03465829734135663,125.43223306243772,164.2711357365596
SAR212,147,2,0.9961564380049799,0.04610421474829669,0.05717727190323853,239.48315172990078,295.8062802650631
SAR212,148,2,0.7421108823180241,0.05627424086024402,0.07255295109122652,328.39734682764265,421.53495169394756
SAR212,149,2,0.8056285416705427,0.06177000791897756,0.0827865255229098,364.1764906191952,487.31901464070637
SAR212,150,2,0.7527797549960327,0.06277229441341334,0.08691445700793997,388.0245115769503,537.1049347203849
SAR212,151,2,0.7063271995609738,0.08117854167643818,0.10004091991047029,516.7449564110407,636.8211744204856
SAR212,152,2,0.7587143463126643,0.09208715116831405,0.11321149770824009,600.507957422335,739.7656847249596
SAR212,153,2,0.48179421847959814,0.11306278072906488,0.13166118773184077,741.9893564392419,866.6322634138119
SAR212,154,2,0.2902274689573425,0.1285539120327357,0.14578562059490943,862.5928212548511,981.3938575393946
SAR212,155,2,0.46427891058140236,0.1495784688536863,0.1673657832160918,1020.649060848617,1147.4407493832534
SAR212,156,2,0.00288298739305623,0.1689132658251504,0.1835735619685461,1163.9218592268526,1271.969842787104
SAR212,157,2,-0.09203945682573482,0.17862396223479443,0.19006191320679802,1242.2164201921428,1328.3737881352038
SAR212,158,2,-0.39054157839993114,0.20732706676860993,0.21671727698295,1432.8586212922642,1506.2658516928702
SAR212,159,2,-0.552370435774538,0.21875208468738827,0.22749290396073021,1444.882686212516,1510.949452170541
SAR212,160,2,-0.45658516997958914,0.2186033221910194,0.22867506893154435,1375.3639888304738,1445.465152291945
SAR212,161,2,-0.47455519657265954,0.20655677216297447,0.22118773066855385,1267.9897447316253,1360.4243650577882
SAR212,162,2,-0.13224928890029994,0.19760553323751798,0.20823063646534443,1197.4016759537985,1264.2535279489289
SAR212,163,2,0.21166944751365524,0.1638929716397739,0.17557995593530468,921.8096848889991,990.4869692425198
SAR212,164,2,0.37394695250945814,0.12146259014423363,0.13346101160058627,642.9194949792286,708.633381279588
SAR212,165,2,0.8404131776128556,0.09005718248521578,0.09882406066029534,487.81200128512273,535.4272003273605
SAR212,166,2,0.911842930664998,0.06122814626647699,0.07352226517372198,307.6305817484731,369.3163634704831
SAR212,167,2,1.0806583142571484,0.060824548894485325,0.07861551922282739,318.9240806664566,412.25976968887
SAR212,168,2,0.989604548396547,0.052276982247742125,0.06541394695962122,252.57762964002177,315.9854667338736
SAR221,1,2,3.2287145356886455,0.0036575011972292543,0.0049502685260372995,16.994222028506556,23.047691518664603
SAR221,2,2,2.3661842575784906,0.019068723104062102,0.020362014327241797,89.59638572983795,96.19878567000322
SAR221,3,2,2.3172523920124233,0.01755880350251128,0.017893097208497147,90.23639615559705,91.423141580324
SAR221,4,2,2.1124318561986146,0.021924484741464315,0.029456941407291302,123.36141019866955,164.90265914223588
SAR221,5,2,2.2071435170196176,0.01476007310832271,0.016916635774702406,85.4107080597687,96.81815181445496
SAR221,6,2,2.0413281112230983,0.011316978231871527,0.013774616549654044,66.966806470361,80.86756274789094
SAR221,7,2,2.0743640677363313,0.009087839959406263,0.010350443043084486,54.80642961775811,61.834573532680714
SAR221,8,2,1.9471703387400978,0.007439357403194055,0.00893004733445332,45.34634118581789,53.967756150577294
SAR221,9,2,1.8359695521576649,0.013773771445161398,0.016485538665721902,83.8286818997758,99.45931543330188
SAR221,10,2,1.7337222121520517,0.020900972765605097,0.022021257941252995,129.7462120438263,135.51148277056868
SAR221,11,2,1.735172645409691,0.016910821419884037,0.01695158058205272,106.30801508122113,106.39901008849878
SAR221,12,2,1.643800383787462,0.021082738080547433,0.024923981885720856,134.87553879122788,160.67935547818695
SAR221,13,2,1.483424915452193,0.025048458568351348,0.030955648150930975,161.06197139759615,200.32820561024437
SAR221,14,2,1.373809589053229,0.023404816113528362,0.028327167189703368,148.4126194160017,181.01443543733805
SAR221,15,2,1.5651655125044561,0.019526989792509025,0.023442194349832895,116.30446900224024,140.60945933770833
SAR221,16,2,1.6569431346170906,0.012179344248534816,0.014472385252581545,69.5202536985189,83.26984000771091
SAR221,17,2,1.6863949826354199,0.011939787430674156,0.012247934400324689,65.24009107209667,66.33875173252976
SAR221,18,2,1.7527200053599774,0.003925858625097034,0.004055755526038862,21.33451503791366,21.86245215429292
SAR221,19,2,1.7566799471397965,0.007533609107404596,0.007638131206921904,39.14842811547578,39.863717840466485
SAR221,20,2,1.7373008290152803,0.0035516631980575565,0.0035522827663833608,17.605019052859006,17.61815231318933
SAR221,21,2,1.7117612165424596,0.0038701918745551213,0.005176583153388698,19.805149829127004,26.43997516809167
SAR221,22,2,1.7886362609764488,0.0009224995602281974,0.0009426925469885663,4.4569258339879525,4.539648698402328
SAR221,23,2,1.7400476714036337,0.004862503405366845,0.005258717549551165,24.663040927898237,26.789797239162706
SAR221,24,2,1.7725972091611486,0.006802647137264604,0.007552310142655426,31.190236064213423,34.398097323068015
SAR221,25,2,1.5454304504843321,0.01036094941548392,0.010675706405238834,46.843410139049865,48.56682536669912
SAR221,26,2,1.6074518052701285,0.0011298389475348225,0.0011738772514124373,5.09474803622561,5.243764026960607
SAR221,27,2,1.5572302600308017,0.006922450707495531,0.00772719444659329,35.55272332006598,40.75779125089826
SAR221,28,2,1.658740517674452,0.006401682286710293,0.008844030711552521,39.06611601338727,54.23816459102532
SAR221,29,2,1.454731007876942,0.014768374467506954,0.019486743114539674,89.00751451743463,118.85728007359062
SAR221,30,2,1.3918655051886126,0.027409088962610444,0.03488665575165418,169.353829827166,219.0312935163973
SAR221,31,2,1.1732227770323405,0.04546871426211675,0.05567584010400976,282.852219843639,353.39418424857905
SAR221,32,2,0.8487805588120306,0.052881499619080174,0.06573384269619802,335.41975729740034,425.38745813501214
SAR221,33,2,0.7360889596914904,0.06607568523742816,0.07848493030540496,417.3737660083016,508.65726958134246
SAR221,34,2,0.48079171021093065,0.07560845688220241,0.08203414446754147,472.957576735409,529.9372827943229
SAR221,35,2,0.3901747401512563,0.0819638165237472,0.0878198207711576,513.8844453735401,568.5470206224386
SAR221,36,2,0.467100769541307,0.09205569509016392,0.09728339075406307,574.9236472994376,625.6567482407494
SAR221,37,2,0.29867328944215465,0.10174167771907353,0.10716525632353638,636.809021745998,688.4461489507833
SAR221,38,2,0.6062900300265692,0.10384103851266449,0.10588237266381463,633.0174021665589,656.6707818087842
SAR221,39,2,0.7149313163847535,0.08786391274993798,0.08881955654045766,506.7160530131764,517.953123161361
SAR221,40,2,0.49389981611489486,0.09139177014377252,0.09398632719786115,506.05235851196903,527.6425974183259
SAR221,41,2,0.8929521150593305,0.07047777167913136,0.07741020716466723,395.07013772202845,442.3862178138063
SAR221,42,2,1.2088973366057072,0.06281507874058592,0.0640356098188204,344.04008389213595,354.31118215470605
SAR221,43,2,1.3779020068283085,0.042134131907795566,0.04244986495092335,214.77165588874277,215.61672872900417
SAR221,44,2,1.5184754398087779,0.025840121174492654,0.02603331960959238,126.8538005328187,127.52773899618174
SAR221,45,2,1.543552672369616,0.018087307057382918,0.018124456787559504,92.98370883017606,93.38014579420572
SAR221,46,2,1.50998966103973,0.005129345143144833,0.006091938969043534,24.061410493790845,28.318167266929493
SAR221,47,2,1.7423188105000877,0.0030358973569228776,0.004150717921398954,15.589428711100027,21.35525057995141
SAR221,48,2,1.7122327480210924,0.011533733644372116,0.013981557501145114,51.72986329502419,62.19255419648744
SAR221,49,2,1.5014480273727753,0.024768907056408898,0.025179419284230186,109.46949056711219,111.89090576690403
SAR221,50,2,1.500327907189238,0.014798492007178733,0.015555477710418427,65.3964900332262,67.6091971456355
SAR221,51,2,1.4800144472853118,0.02493160290307899,0.026627095568316703,115.19041144729817,119.11788511227512
SAR221,52,2,1.5583885107392925,0.03134226499241173,0.03145865594604549,169.79715437233153,174.7655584867056
SAR221,53,2,1.4001859256457783,0.037399299573593815,0.037406735803182725,199.29301757445228,200.69232360143548
SAR221,54,2,1.1934914568138213,0.03735790182347259,0.03776475645437004,202.4248561667291,202.50027466924212
SAR221,55,2,1.3407822439869426,0.03943291136745006,0.041330732631047265,214.20493263092567,219.12708254866584
SAR221,56,2,1.3796586433953235,0.039874780639664084,0.044400710531535374,217.02188901752197,234.8571299600694
SAR221,57,2,1.208704558070412,0.044982393473564086,0.06064477973669716,238.4701258658297,318.6538159998667
SAR221,58,2,1.3011045669365364,0.05219117196604108,0.06297096152062,283.61139183182104,334.0480281698564
SAR221,59,2,1.27420576420923,0.05920805903304027,0.07144164865614779,324.3676020883354,382.5648723053981
SAR221,60,2,1.2599495594657344,0.06971444851842738,0.08322455483229582,386.2266702047841,451.5106373474169
SAR221,61,2,1.0856109105088765,0.07775124848840416,0.09110874639034942,440.96342827172157,506.8060802925056
SAR221,62,2,1.1400127981035237,0.08035109080361869,0.09472677946701157,457.6964098556814,532.0475065437419
SAR221,63,2,1.0990421453056418,0.07633913389330717,0.09241919205781987,425.9127258805188,511.986380477294
SAR221,64,2,1.3637763181544775,0.05430315280971815,0.07652946412570612,290.33762940376846,409.09195279453485
SAR221,65,2,1.2892526136236282,0.04772111907964345,0.06417791570609738,253.39515695285854,339.81464883961576
SAR221,66,2,1.345512460038303,0.034004862024142796,0.043260594991477865,182.04972690523073,230.68380162545316
SAR221,67,2,1.4062744686021476,0.036859793580524804,0.04140822679813239,188.5601661936803,210.8346959255108
SAR221,68,2,1.5175080442554565,0.031612507123211654,0.03557339524581567,154.69647819896,172.89932985345897
SAR221,69,2,1.4905230839730135,0.0222067158049657,0.022881037267300196,113.16509625295566,116.00928143873927
SAR221,70,2,1.4582677867171472,0.02510519997838635,0.025106358137336228,120.26178908651445,120.26751862364057
SAR221,71,2,1.5441808840610114,0.01592389141786424,0.01862714171293334,80.16192167239933,94.04132497116032
SAR221,72,2,1.4842372920926046,0.026103995455299824,0.02878944299320047,121.07557019203387,133.57993157472737
SAR221,73,2,1.2066919355579548,0.03349710694458566,0.036279578613750835,150.0566233618133,162.27141691870574
SAR221,74,2,1.349664911857038,0.027450398900304943,0.03158142037171956,124.77323914661565,142.69972107019623
SAR221,75,2,1.4402593932857035,0.01987089404136779,0.022224419583269303,96.17781314428794,106.03476856807822
SAR221,76,2,1.3607305966089664,0.013841241945495755,0.015061770845484532,73.91391889686793,78.90334411329508
SAR221,77,2,1.347214700834859,0.011629158411897069,0.01302057755444092,63.11109180756375,69.10911707963555
SAR221,78,2,1.3041747036945497,0.009553146928132455,0.012550922479410503,52.05827530890156,67.59861482005219
SAR221,79,2,1.3053346591828991,0.015871834993851988,0.019857998926109805,100.35028370566306,127.70935795956152
SAR221,80,2,1.350967944470737,0.017189061736481492,0.022387117616264728,111.78139917664339,147.57724276744582
SAR221,81,2,1.2920053403147913,0.011905672804782177,0.01664013752979416,79.34916877226215,111.1532557953333
SAR221,82,2,1.409985247133447,0.022210661542363994,0.022297096861838606,133.28171710135166,133.33542431853357
SAR221,83,2,1.318871290853804,0.023956345932895706,0.028019868898155314,133.516951365948,150.4196617024666
SAR221,84,2,1.1912494880868023,0.029597358293493116,0.033272248129100755,166.7073758596821,180.25666904955946
SAR221,85,2,1.191991714930238,0.034268973746619816,0.03576483387450545,199.04856962314943,202.09575540835354
SAR221,86,2,1.1898975180377485,0.034371731450047,0.03785759242376835,194.6295761070769,207.15478089449303
SAR221,87,2,1.2316396450478972,0.029405720385283534,0.033291737107294245,160.32728615772476,176.22112100449658
SAR221,88,2,1.274302286477777,0.037959994351699354,0.03818543770858432,207.19198718461803,207.23276567457978
SAR221,89,2,1.3293816234093148,0.025946982634346864,0.027776304078219485,138.6064961321872,145.4936399156103
SAR221,90,2,1.2394016120410978,0.021083269976604545,0.02724100552750306,109.5948238220194,140.0910214038656
SAR221,91,2,1.4398936434801184,0.01879532801473303,0.025671804367814945,93.17819978989473,126.8424347256786
SAR221,92,2,1.341106177467375,0.017735922769596495,0.023345496228107183,85.8938726630895,112.50781550226095
SAR221,93,2,1.4162977665332706,0.022094531127741384,0.023451516674113746,113.14656702847742,119.10910955462855
SAR221,94,2,1.2803925185120988,0.025093133095035126,0.03149874899522059,118.52109792753663,147.7887243229546
SAR221,95,2,1.3337214169316045,0.02509255488214609,0.02645248346546093,125.35790324110076,131.18770146374206
SAR221,96,2,1.1615006530562035,0.03206172100489519,0.039989610458969975,146.11717268844495,181.07640254432243
SAR221,97,2,1.0930587872646718,0.03227043040396023,0.04196032710028438,138.56749945522643,178.87706660387295
SAR221,98,2,1.053625830258794,0.03912926572619756,0.04743215846098841,167.92329091632155,199.72644950205796
SAR221,99,2,1.0208096172929595,0.048899200545179905,0.04945995444188849,229.41204808497787,229.61908061956308
SAR221,100,2,1.0578393513670372,0.045958110556710036,0.046417527711106486,245.866186583361,254.7956574946348
SAR221,101,2,1.2223533204198933,0.030758043075591213,0.030827657396231542,164.9818873890208,165.45459817835342
SAR221,102,2,1.241458920948305,0.0224697199001486,0.025739867502147247,117.38600975326744,129.07455657763518
SAR221,103,2,1.2287882743445233,0.012706565375534145,0.01691250913437169,64.61286297748302,84.55044809616625
SAR221,104,2,1.1519249136996899,0.03546893361576939,0.037695435552085495,197.07535676693078,202.66883610579973
SAR221,105,2,0.9064123080024938,0.03806814106953539,0.045630249673308226,204.70553014361485,236.0544719825776
SAR221,106,2,0.7769299938063412,0.05121664978838258,0.05613359144665443,285.35912827883476,299.9178261734281
SAR221,107,2,0.539176477883242,0.07018366912686623,0.07523421571797924,396.85968927573595,409.52046575564805
SAR221,108,2,0.4494317027711815,0.07927593344640843,0.08928674852746533,441.34212471558794,477.0458150967622
SAR221,109,2,0.359192631654811,0.07921830396368101,0.09279869948298244,440.83456033653147,497.9891401280504
SAR221,110,2,0.4424499024811749,0.07500524777996527,0.09655957453904034,413.22034302676866,522.4929087732122
SAR221,111,2,0.43216229565603803,0.07999850443416855,0.09497694840155518,439.91571898409484,511.6536919970956
SAR221,112,2,0.08536363225138022,0.09590044486620064,0.1089776140248286,520.7364423336053,582.4330402149465
SAR221,113,2,0.5425828043302574,0.07784818381874113,0.08540139173045423,424.86871546596103,461.3344135456102
SAR221,114,2,0.7604124411916937,0.058781170059620996,0.06762859539949655,320.8585465435399,365.9631638182893
SAR221,115,2,0.6160782094662594,0.05410351712866879,0.0660468516747336,277.24510992424666,336.50095746410375
SAR221,116,2,0.8033162916091932,0.04876038118127818,0.05725959019030085,240.50949489358845,280.74548818078534
SAR221,117,2,0.8634928780010082,0.03461998017800502,0.04726376743743464,176.83025830916995,241.10147143772758
SAR221,118,2,0.9946006319713496,0.038409301367033896,0.04985835816303373,186.2332930565949,241.381491927722
SAR221,119,2,1.0799041022468985,0.028987744072421263,0.035353011199450654,147.05148466693208,179.12483884261073
SAR221,120,2,1.0406374016956335,0.03919306821873797,0.05145830190314111,186.10084870750234,244.41947280509197
SAR221,121,2,0.9521628829411382,0.04767732844571317,0.056907912468159294,219.89645768939954,262.27475476427117
SAR221,122,2,0.9705520214741807,0.042702631916184376,0.04969734588693737,203.08837355603555,236.06012382145218
SAR221,123,2,1.2256761146382222,0.019592300497354866,0.02302810261446305,104.22540392401515,122.72545149626048
SAR221,124,2,1.0266053127735817,0.026957841648203903,0.030249123476779622,160.4253070820755,179.06897586390747
SAR221,125,2,1.2070024830492658,0.03257764697748601,0.032581374330917796,197.94859592360035,197.9513043518183
SAR221,126,2,1.019272255985577,0.05580283712840027,0.057196355770883084,349.60012489187784,359.03925228184534
SAR221,127,2,0.7615611938355715,0.07988033451458494,0.07995374605637803,506.3189322020321,507.26121036933176
SAR221,128,2,0.23670883069340595,0.09650360191235755,0.09651010289639401,621.0237908812264,621.3248825342928
SAR221,129,2,0.5591431100500349,0.11030701920819996,0.11032490505234736,711.0136083008679,711.5034867580637
SAR221,130,2,0.5407226217796488,0.11684374531985608,0.11707965572706713,758.7508536919681,759.7107557457714
SAR221,131,2,0.42692332558244594,0.12085481194976108,0.12132363690733929,788.5740419151853,790.8837706781466
SAR221,132,2,0.7478406861903721,0.11237629448816804,0.11353803270587126,732.9970306089353,740.4392321862553
SAR221,133,2,0.5918871358006201,0.11215047653248444,0.11439392247149638,732.9561569037469,747.4665631302743
SAR221,134,2,0.6096762205532782,0.10643234172154825,0.10778040988246357,683.5340019956948,692.130028904806
SAR221,135,2,0.687800698721342,0.10862130988776927,0.11005080053323016,655.949471269148,663.4570976696572
SAR221,136,2,0.5805084557577485,0.10101993701053738,0.10103102295238786,582.6043786306004,582.8704896060573
SAR221,137,2,0.6821763527529902,0.08879880077903801,0.08888058998184269,502.3891988092432,502.4966946582097
SAR221,138,2,1.2598770852080001,0.04143030132642148,0.05375551482818996,231.78363478019946,300.52162727712084
SAR221,139,2,1.1168644649166053,0.03883281359437364,0.05061908802371945,203.0319129217578,264.45287877571786
SAR221,140,2,1.096364786599104,0.038486470101431455,0.04382208530805675,192.54125132624267,219.06032340561566
SAR221,141,2,1.228459948813236,0.028866832096943143,0.036974865866986326,151.38491632417117,193.81536797679752
SAR221,142,2,1.2342049538679407,0.018047165091357707,0.018048737646917844,88.84404545809275,88.84676553715482
SAR221,143,2,1.1001453727511457,0.027012161256762597,0.028805559483991678,137.22129436689283,145.97479638856834
SAR221,144,2,1.0466191479002118,0.0289000033412613,0.029398788499676774,137.23105534451634,139.41634236034398
SAR221,145,2,1.0678974526049798,0.034938053447383044,0.03526463630993092,160.94440548467355,162.28685326942528
SAR221,146,2,1.1918007168448093,0.013374576703752153,0.01835617445134078,64.08993423820948,87.99807333310913
SAR221,147,2,1.259862252132554,0.02188565158251063,0.02800137062905747,115.51267249255625,147.69015792388765
SAR221,148,2,1.2058290931565008,0.038185383822013225,0.04864013083956902,226.08410000253616,287.2834003180223
SAR221,149,2,1.1074478522111946,0.05119189953102911,0.0670462544254431,304.93176031644316,399.0248883955329
SAR221,150,2,1.0702990099135097,0.06371239083904437,0.08153320353104411,395.4008618601183,505.91240173515394
SAR221,151,2,0.8643929343987926,0.08800358838587294,0.10167240892707367,559.5013167523134,647.111684556014
SAR221,152,2,0.9479596593216874,0.09785614125758843,0.1120618337466264,637.4078889838315,733.0185584652868
SAR221,153,2,0.9835156101419055,0.11897798939332488,0.13050662525555148,779.7465546268891,859.7672201207739
SAR221,154,2,0.6533904195340525,0.14338535605114044,0.15510542498124233,955.7743524655721,1038.6828195331746
SAR221,155,2,0.061928813325622944,0.1691457042916862,0.180500718177476,1143.4848812104815,1227.841429570701
SAR221,156,2,-0.5071580288173676,0.17209824305246202,0.181168804042688,1184.8854525437082,1256.1612479475523
SAR221,157,2,-0.36629839567026995,0.1820719932404819,0.18644591657708132,1264.4485744374733,1302.9503670239346
SAR221,158,2,-0.6482287342684148,0.21225057587322874,0.21814867428728918,1463.52691998487,1513.5772826480988
SAR221,159,2,-0.48938461568601155,0.22344430780618066,0.22939496350917712,1472.655096584971,1520.9008422260113
SAR221,160,2,-0.5024799535611106,0.22186333020953697,0.22966241644556296,1394.135056665083,1450.6603245025058
SAR221,161,2,-0.5027422871559496,0.2053437221996067,0.21670132403420803,1262.8900874839287,1336.8937994581258
SAR221,162,2,-0.09197881773685707,0.18768622125122553,0.20054414210063154,1142.090611277034,1222.0064600926162
SAR221,163,2,0.3203948340632773,0.15430956475226076,0.16912515854914068,871.348996280607,957.092131150171
SAR221,164,2,0.674445314368259,0.10971523264840224,0.12519761745835645,583.8638112169087,667.8052854299108
SAR221,165,2,0.7879264903683825,0.08666750642217777,0.09958821139181442,469.1960646272937,538.6215978924853
SAR221,166,2,0.8831973908655588,0.049395630030134675,0.0645879675770622,249.49726927384063,326.16951049565904
SAR221,167,2,0.9106889808278528,0.053500686825546546,0.0706791602841888,281.97669264485467,372.63514099769117
SAR221,168,2,0.896526053765581,0.04073234735645065,0.056052069577359954,197.97300689572012,272.4072361959679
SAR222,1,2,3.352974412505482,0.002171797793015212,0.002789579848945162,10.05105451336749,12.962425248891316
SAR222,2,2,2.4254464419288464,0.02018260375841665,0.02147131739657536,94.83836740669676,101.4575483188242
SAR222,3,2,2.305815506200296,0.020352891291482073,0.02045483528781637,105.00762060892657,105.22652787883509
SAR222,4,2,2.067953754552635,0.022556140349297298,0.02917800666504765,127.497471930139,163.51162235793367
SAR222,5,2,2.2713163598900112,0.0063139207490734844,0.0066340144551404025,37.112100205572006,38.63586550474975
SAR222,6,2,2.055962451670984,0.012631396518510224,0.012834104315508401,76.97552163099499,77.8793099810076
SAR222,7,2,1.9163201476923954,0.032420392255213176,0.03478624768093935,201.0216861786821,214.41454704318036
SAR222,8,2,1.7335387422352777,0.036005769913702246,0.04035678906780319,226.62539645577453,252.50023453414246
SAR222,9,2,1.7006651811296445,0.037026014557272446,0.04500568708260749,233.63688449243318,282.8957063609659
SAR222,10,2,1.6623422271676935,0.032830530671919406,0.04273631568748944,208.72298052913675,271.01634193762766
SAR222,11,2,1.743391223652137,0.03215440389921881,0.03946703330975702,205.14133073522453,250.84360346447386
SAR222,12,2,1.7463392517968428,0.034819025409427565,0.047043455307949754,220.98634512666513,298.10391686153514
SAR222,13,2,1.7687246100027894,0.03780126107102966,0.04657446059380452,240.91363519514562,295.5129483798072
SAR222,14,2,1.6291737590511068,0.04142950913960672,0.0486774756672208,260.47849079179105,304.4655013878041
SAR222,15,2,1.6838540878018726,0.03775001013197296,0.04866750615815128,223.55482781868068,287.475788629512
SAR222,16,2,1.6808295170262444,0.03619901580333559,0.045980763596582104,204.21001652893983,258.6081324604181
SAR222,17,2,1.7176606559735808,0.027133939247517606,0.03258367881558379,148.85630005537996,177.29698827757736
SAR222,18,2,1.7824473539679042,0.025128769660758457,0.032903592000008614,136.69896809743523,178.3619300163473
SAR222,19,2,1.6826685509014658,0.02281239712845231,0.0262825796537881,118.21897857885187,135.61256825593986
SAR222,20,2,1.6769856308895073,0.019916334389800037,0.02374504930238823,98.84181240533735,117.52996714946539
SAR222,21,2,1.7646179981556656,0.018026527011254147,0.018376383186975504,94.07318600716644,95.5978168943688
SAR222,22,2,1.7973169085342162,0.007058131561688892,0.007450160833493956,34.17420975760524,35.91716453849543
SAR222,23,2,1.7609010146593147,0.0031596714209721696,0.0032580708800448452,15.929970665432393,16.370899308970014
SAR222,24,2,1.7310056331502883,0.008592154694621282,0.00935297327168672,39.47991609064729,42.69926775911071
SAR222,25,2,1.7949626913912917,0.01325567291715074,0.01444620381654517,60.361830474216276,66.35041326986668
SAR222,26,2,1.7076542191725004,0.004399297854287568,0.0047664922711829994,20.465774217051603,22.44821157749128
SAR222,27,2,1.786421962330034,0.004266055054377087,0.005320221066485923,19.630657319605234,23.980308478450713
SAR222,28,2,1.7408728205601194,0.006627073844530738,0.006796072225588789,35.48498679847353,35.68770064818671
SAR222,29,2,1.699414711618167,0.01491233825509633,0.018977379915553646,77.04351175766851,96.0517632957641
SAR222,30,2,1.669765079435093,0.029862616985256305,0.03142472498636875,169.4627368626443,174.42348132163855
SAR222,31,2,1.4084060359618737,0.048788080628730274,0.04996599993651979,285.8227311085311,288.4380511966829
SAR222,32,2,1.3739807906147385,0.06258127439279841,0.06486760267076887,370.7818674542891,377.0263003123327
SAR222,33,2,1.0674449209428585,0.0748586761103111,0.07695539289149982,447.15695803847257,451.8906394738574
SAR222,34,2,1.0650260601740889,0.08361163371443583,0.09163741962976459,493.95291031126044,525.3822836644579
SAR222,35,2,0.9003423801299917,0.08564422327435262,0.09383891406420147,508.337512551469,540.0614550116558
SAR222,36,2,0.8241362378503275,0.09154195514483723,0.10137451529404078,545.5720851061897,586.1175552419802
SAR222,37,2,1.1189815891224868,0.09136579213824751,0.10431934743147372,547.9718115345386,607.7545423968204
SAR222,38,2,1.1326470746526374,0.09051860652176147,0.10749481308751284,533.5736053481337,618.4656642628331
SAR222,39,2,1.1269432408142173,0.07882264204926036,0.0994398059501164,442.0938315911658,549.6929514204733
SAR222,40,2,1.0697448460630343,0.081253078288935,0.094884196586914,441.98634972017453,506.71879254460663
SAR222,41,2,1.0723248407500863,0.05705267366934103,0.0650740638050658,308.4254911650273,344.452492174038
SAR222,42,2,1.2460065254764452,0.05553299605193762,0.06561479265309385,297.94708378902806,346.789710184439
SAR222,43,2,1.2941214248793491,0.04567025605219768,0.0629337936519851,230.99904318074277,317.7622154595737
SAR222,44,2,1.5442946774720425,0.03945369364126926,0.0507019929097858,195.08540946187304,249.99442698040983
SAR222,45,2,1.472832312294077,0.032495499762686994,0.04089840087987711,166.32726777754942,208.26937006346515
SAR222,46,2,1.5317283666584502,0.03463791422070778,0.038943622773066754,166.29825944593722,185.45796714056706
SAR222,47,2,1.6755100171456214,0.02671301940763899,0.030365605082393752,133.54738010400752,150.69653563065754
SAR222,48,2,1.617866384477876,0.038323781351359935,0.04481539706950651,175.6048864438685,203.79226990358018
SAR222,49,2,1.461181556200212,0.029775284962677423,0.03819683352751735,129.92335988907462,165.78231619430358
SAR222,50,2,1.4457873091402829,0.032078615982474405,0.03749149698257446,141.12079438563842,161.8839210568702
SAR222,51,2,1.5679043079206043,0.0327133322881933,0.04223218395401561,144.2593620320722,182.14902838987354
SAR222,52,2,1.667293892863087,0.027490419835909358,0.033483834710978544,131.75077717993418,153.6939764695956
SAR222,53,2,1.437633240395224,0.03127481646212227,0.04075688495907792,149.33768052192545,190.06784755285514
SAR222,54,2,1.3871735931706972,0.03583998609743533,0.04990506213218859,176.98783924788995,245.40772097346004
SAR222,55,2,1.4161680874724447,0.04523582890369234,0.06323518286021325,232.3173121247737,323.9045838401256
SAR222,56,2,1.3545848832912764,0.04690974568373955,0.06485308289728371,247.38774422507367,340.49386412976395
SAR222,57,2,1.1001612192600605,0.04975527861746601,0.06667420276079085,265.23730946702335,351.9024974336318
SAR222,58,2,1.3739093490218215,0.047646832408521606,0.059237553241667525,256.90287497131703,312.5944811365597
SAR222,59,2,1.4416996620122435,0.04204057273205895,0.04751815553105219,230.43170690837223,253.12345649545497
SAR222,60,2,1.3687366088361221,0.04723949974564372,0.04978970960874208,263.6827687315913,271.9368183538686
SAR222,61,2,1.2724240578965902,0.04804579813060466,0.04906987757598341,274.4251511888997,276.6271774038522
SAR222,62,2,1.199569270216314,0.04593828363968584,0.046772747430733994,261.3885460946576,263.4345652024398
SAR222,63,2,1.2796332267494566,0.04646571711204482,0.04916077517916296,255.77736752646388,267.54735360869387
SAR222,64,2,1.3950853347757333,0.026404060172770943,0.030424035684001156,139.00939801736195,158.21789182558086
SAR222,65,2,1.5068078008062764,0.02124422136760989,0.028358139898505337,110.15470816249262,146.38363334946874
SAR222,66,2,1.5108152403084827,0.015288613111565732,0.015494426124458198,81.57308942618101,82.35022631425893
SAR222,67,2,1.5765641387107727,0.006412827016106183,0.007380214171604554,32.14082450973865,36.737777282092246
SAR222,68,2,1.4939148425338096,0.007147950518647313,0.009009006786418814,34.2109677888584,42.87290870234372
SAR222,69,2,1.537870123725146,0.006999995928236696,0.00707333970077463,35.66944023000133,36.209516952530144
SAR222,70,2,1.4079692465097962,0.010826682917356181,0.011562393396359413,51.81425743912814,55.73034975287962
SAR222,71,2,1.4677891933044211,0.022152880455739092,0.023655725900410093,108.82047548508808,115.66533336239776
SAR222,72,2,1.3846042117659971,0.030628589880177456,0.0307116196387916,139.88264173082416,140.16263219786384
SAR222,73,2,1.3588996450079864,0.03464156311685951,0.03487132560906324,153.33502005521268,154.44181051698817
SAR222,74,2,1.1376541740049857,0.04722519781668055,0.04863018372733138,213.18284070365644,219.74754699179786
SAR222,75,2,1.2853569432614012,0.0523606620145111,0.06233830113739483,256.99125507461486,308.1228705474757
SAR222,76,2,1.284383556668204,0.06584755282241411,0.08695685983951708,362.6004904671054,481.2247102759457
SAR222,77,2,1.0837604133203196,0.07256218766977444,0.08938422781310786,409.3114879858176,509.16484111738015
SAR222,78,2,1.1291489284645844,0.067343454368888,0.08606855335615814,397.3835788913284,512.4639350637271
SAR222,79,2,0.9018696576547813,0.06794111632276059,0.09524323464258659,415.2792809385551,582.7408600899719
SAR222,80,2,0.9408434930403662,0.07429309742509096,0.10178406009931372,461.99203639045345,635.5905622639616
SAR222,81,2,1.1029258694401787,0.06870225672841017,0.09561073396827154,433.2948474113937,604.4212340420676
SAR222,82,2,1.1020883761783677,0.07135778127289297,0.09717051953597837,452.9831466454043,620.6741331309594
SAR222,83,2,1.2127141705301008,0.07790322725765979,0.09771339549679861,487.4698619545079,623.5056219840955
SAR222,84,2,1.1674419635160012,0.07249152257630834,0.08697686211932816,447.8047685577735,550.8613710991858
SAR222,85,2,1.1465244215011894,0.0654272424393403,0.07512161934824144,402.464916125884,475.77024510582464
SAR222,86,2,1.3013260478439568,0.06389730332770274,0.07050831755781096,385.5712963994538,437.5456221394565
SAR222,87,2,1.2708523821834206,0.06027998280260391,0.06545792332674719,347.69461120606775,386.29522930874253
SAR222,88,2,1.3243784916021983,0.05739227837714765,0.058469888209262015,311.8548054224607,321.80829424262123
SAR222,89,2,1.1051063871375113,0.057008431202089385,0.06007890540788924,310.67609066640307,331.7906962333434
SAR222,90,2,1.1777934996147286,0.04850177173283121,0.05160437455489084,265.0425835673691,285.85060274500177
SAR222,91,2,1.3071276030448653,0.04284658690963784,0.04476517557107714,221.02646669008573,233.0465479081933
SAR222,92,2,1.277534979979512,0.03679238155923559,0.03910112228531299,182.61504736785355,195.45757861773458
SAR222,93,2,1.3060680269093998,0.031216594658781464,0.03299602084364568,161.5294263310384,171.9614368939436
SAR222,94,2,1.2029868505254915,0.04037167833436507,0.04038530241881313,193.54741599244107,193.79165658010328
SAR222,95,2,1.1793517965970783,0.03753199317004976,0.03861262403780228,188.60003116462394,194.9743408433214
SAR222,96,2,1.1948361812104036,0.04092851532512326,0.04103077285080284,188.39497391884606,188.58990662641628
SAR222,97,2,1.1026449045338136,0.04189248030378909,0.04257846997562955,183.79985713891165,185.6356880174166
SAR222,98,2,1.1736755699114352,0.052477672541587805,0.05248219815809837,233.80126883495723,234.14295479719172
SAR222,99,2,1.1062668751276898,0.06241032272604499,0.06445328597407687,301.96329659118146,320.13237538554176
SAR222,100,2,1.075358064851436,0.05879447151557726,0.06755942262718863,326.5502793331302,389.0939260030401
SAR222,101,2,0.9529190203891096,0.058381618509711374,0.06486942574160894,330.2985727385967,381.3779131080221
SAR222,102,2,1.275046118986525,0.04433829582975448,0.04727050988089437,256.4033059878102,283.26097078964847
SAR222,103,2,1.1873668944342628,0.03740213763034411,0.045023472904083504,227.95714465405126,282.4182541506806
SAR222,104,2,1.2569526809349365,0.032138864933770564,0.0323280816854562,186.00969109973266,190.75893905561927
SAR222,105,2,1.16921012150945,0.04415140618178475,0.0442188784840898,257.8295443436564,262.1754573363974
SAR222,106,2,1.0510682916825291,0.043242472396149714,0.043303296943627154,249.4348701919571,250.31409110135866
SAR222,107,2,1.0352400768037675,0.05436812592041388,0.05538703011102221,307.4441779187341,308.06398878135815
SAR222,108,2,0.7612528000302992,0.06408625404500753,0.06609294760859713,359.70971996166145,362.75783821481144
SAR222,109,2,0.34504271014287274,0.0717011277029557,0.07555034231097807,403.63524028550637,413.933207078149
SAR222,110,2,0.887131758814883,0.06994123035488231,0.07158849268331884,397.9991637841008,401.1487598615505
SAR222,111,2,0.8741082614839492,0.06394766994454544,0.06753575579164518,350.07371421564267,363.346520271902
SAR222,112,2,0.9446545160844781,0.06395954694994828,0.06974717197348397,338.27495040029225,363.80644278298564
SAR222,113,2,1.1599617821284351,0.04880827586401246,0.0525859111892993,259.785751474652,277.664858018522
SAR222,114,2,1.1514775281453637,0.04223208124015008,0.042288422029049984,227.68308614530633,228.35660974466262
SAR222,115,2,1.33040932599563,0.04027375847458192,0.04048443533662051,204.18252472495715,204.83317196063422
SAR222,116,2,1.4267757257342035,0.031588709849778365,0.03200288310386889,153.94852311784052,155.49719075450037
SAR222,117,2,1.20351396462498,0.029174471573913573,0.02936899069255303,148.93460367761372,149.61512726532385
SAR222,118,2,1.362678242738665,0.025157895083181225,0.026964142057023903,120.5987196844917,128.7781873734131
SAR222,119,2,1.4073723114947405,0.021163526927135554,0.021433844244247123,106.62470886785968,108.13803349661443
SAR222,120,2,1.2990718763624975,0.02151762770397101,0.02315483604895326,100.26193978694027,107.77801418418487
SAR222,121,2,1.2060868879858868,0.026367254453294325,0.028672014321560874,119.35603056994341,129.58740818152333
SAR222,122,2,1.2783378642742576,0.024530824855314548,0.024645368714535078,114.57261059366283,115.05518940111074
SAR222,123,2,1.2904905217177027,0.022986228752130376,0.030654460603780385,118.96356794008716,158.50568495426836
SAR222,124,2,1.2901096332436004,0.04071011721914393,0.05124821155160731,237.5930511422025,297.9122207758792
SAR222,125,2,1.3616197213325354,0.03875259734693771,0.052353562898495784,228.76994989051082,308.7110276949397
SAR222,126,2,0.9198577416700913,0.05832124690852138,0.06555426598799624,355.0025765904097,397.76206722841954
SAR222,127,2,0.7969182772905694,0.07450959466527926,0.08425982655073995,458.19438934191385,515.800440564894
SAR222,128,2,0.5376928097590797,0.09295972532195715,0.10287368102400606,579.902019303086,638.4043672206417
SAR222,129,2,0.5673915305425756,0.10438216030411705,0.1156923427193488,650.440487817817,717.5265502710338
SAR222,130,2,0.46559727919823,0.11247451171172385,0.12484848968719987,710.4609054108751,786.0977500830212
SAR222,131,2,0.3869845847304907,0.11434642317773108,0.12459910644877896,729.9607231296181,793.5236794545743
SAR222,132,2,0.36288946653609283,0.11384950312536858,0.12690956153708122,727.580686370889,810.6337627042836
SAR222,133,2,0.3851837463712763,0.11967364412886983,0.13128722515375535,768.6600304881995,842.1147203994017
SAR222,134,2,0.3841099613467607,0.114898070607133,0.12295212185387863,727.0092050697131,776.9662927561399
SAR222,135,2,0.47737690279980144,0.11337870314456694,0.11834873568792459,677.7049443079864,705.0536443839324
SAR222,136,2,0.4355442548637226,0.10033385712952003,0.10182398071249445,571.6081984211546,578.741482971134
SAR222,137,2,0.7176569740093588,0.08513642999110177,0.08622105907239018,478.1749759755048,482.8533270638662
SAR222,138,2,1.010938932051499,0.046278329701918024,0.06191291356715086,257.40860838296385,344.1184306308222
SAR222,139,2,1.4350995167454776,0.03148818043127937,0.04259267684813231,165.42259283596877,223.7315324620134
SAR222,140,2,1.373003027425336,0.029816599500969578,0.0319211953699637,150.18787217190402,160.8625718815226
SAR222,141,2,1.432242089658046,0.017874892878232497,0.022287780833898714,94.5949178408523,118.01885733519273
SAR222,142,2,1.3841819044374146,0.012497628842244899,0.012746475644456731,61.644289487039714,62.9021937524149
SAR222,143,2,1.2896554637965314,0.01134063158662281,0.011492612299332995,58.14597550136659,58.93366138069049
SAR222,144,2,1.313512420978522,0.01822304822199864,0.01880685027785538,86.63207046828938,89.36067398595188
SAR222,145,2,1.2910280482435619,0.02634064482638622,0.026357965119925705,121.68100781348403,121.74645763330466
SAR222,146,2,1.0862989265606642,0.024105482088441307,0.031302088852370964,114.49543219065436,148.7118778797337
SAR222,147,2,1.2003437760511142,0.03614843650946217,0.04956996934992754,187.91753835411282,257.48498878459304
SAR222,148,2,1.0994612128278998,0.055476905815658055,0.07454116471541943,322.4031300755596,432.2195820674448
SAR222,149,2,1.093421351412772,0.0616469484788813,0.08579904797490602,362.22433477262894,503.9086064591046
SAR222,150,2,1.1054673095020546,0.07605202299940358,0.09910954303755884,466.70079944612417,607.5462119481438
SAR222,151,2,0.6713398145312897,0.09751250777794795,0.116680296912124,614.6792206364717,735.0000713978526
SAR222,152,2,0.4245934246936425,0.11874386659441778,0.1382998042348548,762.4251251318756,889.6279537731793
SAR222,153,2,0.32391881236641656,0.1309294505006322,0.14636359495031517,851.3505270474079,955.0518516558734
SAR222,154,2,0.0067508331437824975,0.15205810451091029,0.16438173419271215,1008.6266999777185,1094.906587630558
SAR222,155,2,-0.5142949443687583,0.17006399161476396,0.1868758293031567,1147.5481619044513,1266.5808969068376
SAR222,156,2,-0.25774166910825935,0.19121716964681212,0.2017836043369257,1302.9648142715478,1383.3938211119682
SAR222,157,2,-0.2209938264743247,0.19714811402555385,0.20553590230772673,1358.5411953650455,1423.930007303989
SAR222,158,2,-0.4139933021172999,0.22187252959307255,0.22868441057055386,1522.3590263535325,1578.3485961164129
SAR222,159,2,-0.6066759887635467,0.2295256395224138,0.23742198514686264,1507.8714829178653,1568.3186549292145
SAR222,160,2,-0.9287329426622573,0.22890731550200438,0.238079615948846,1432.882924227501,1497.303195995561
SAR222,161,2,-0.9672775575395625,0.21076998071665948,0.22330765249700962,1292.095120531707,1372.4807162503892
SAR222,162,2,-0.46193636608146893,0.2028943305255134,0.21229730838262534,1226.6781921964402,1286.45242341726
SAR222,163,2,-0.03542304185510159,0.1651240298330645,0.17551544863731183,928.5162702312746,990.2875626544566
SAR222,164,2,0.534793064942487,0.11392882577106528,0.1248165762422356,605.7891424654963,666.1637256310179
SAR222,165,2,0.7262368697425082,0.08469847130427659,0.09132608699559154,460.56892881869817,497.1867399086274
SAR222,166,2,1.1424501352669303,0.05187449751495263,0.06128557837137476,262.50184079314477,310.3852502122031
SAR222,167,2,1.0438133646644725,0.058753229094622564,0.07009960908310779,309.4799472510249,369.87705714309084
SAR222,168,2,0.9924654835897502,0.0449753694673633,0.0553579124723354,218.63508668242184,269.26161301048546
SAR311,1,2,3.219487191089083,0.004272105784641662,0.005385262246048357,19.784500402334288,25.062058209398813
SAR311,2,2,2.3342001823209966,0.020616891163723568,0.021935810712865475,96.89585607565323,103.67698971811188
SAR311,3,2,2.2602027215664258,0.02192763537829048,0.022243062677487827,112.7403176056705,113.7545890574131
SAR311,4,2,2.0375564224740845,0.024604296009518866,0.03383858182768728,137.68675543253403,188.80259155779387
SAR311,5,2,2.047790520957362,0.021412819752544,0.024244601241100464,123.53787468724022,138.26033670291676
SAR311,6,2,1.9797437631856745,0.019457659280731933,0.020758541013616974,115.89244432258965,122.56229159242297
SAR311,7,2,1.9632877209207649,0.01059252887276338,0.011675982133099802,63.92732359873298,69.844289539636
SAR311,8,2,1.8814277541295374,0.01295413247761626,0.012954205879441384,80.3934261699419,80.43558480781034
SAR311,9,2,1.8017975195400244,0.016080371835731216,0.016243384347931773,100.29789449410191,101.72778641137123
SAR311,10,2,1.7653346138870818,0.020866980760381196,0.021236597050635037,131.68309866856907,134.72603347253911
SAR311,11,2,1.728475405652531,0.019614338912945728,0.021427894103142768,124.62718722407453,137.09955017877692
SAR311,12,2,1.6176691526461116,0.02116237529461701,0.02875056433667583,136.10279973059914,185.24875019240423
SAR311,13,2,1.4965703606800587,0.026851833822285287,0.036065034216000005,172.90940217254274,232.7864991365986
SAR311,14,2,1.5637487441340232,0.0234404448352227,0.03216598199689834,149.39094023526923,205.3321836034975
SAR311,15,2,1.6187497571343892,0.020504038825719793,0.02578685049338949,122.26590564430398,154.57277200028147
SAR311,16,2,1.6356101717310234,0.018477807190464095,0.022751723137010987,105.17110081465171,130.30280982083045
SAR311,17,2,1.734790949736953,0.007095128778034521,0.00852433158734266,37.99582914434086,45.12652905788234
SAR311,18,2,1.7170265962692361,0.003387312943794891,0.004329179617131586,18.024748387013005,22.873935053228852
SAR311,19,2,1.717900977611495,0.007620599159117404,0.007950038776930311,39.72416291914669,41.70855107450013
SAR311,20,2,1.7180513183815926,0.004212230693807283,0.004826686834584227,21.092332960783096,24.295559698961743
SAR311,21,2,1.732873470430478,0.0045556222985577025,0.005439549184252608,23.41070744989929,27.824832750174338
SAR311,22,2,1.713018203115161,0.0031738083750116573,0.0033540528346716887,15.461829714515716,16.41552690443634
SAR311,23,2,1.7247701770221089,0.00280705160926315,0.0031553718422658535,14.275802242352711,16.120290180347922
SAR311,24,2,1.72076433220154,0.008903022140420547,0.01031695019558543,40.79152183423412,46.98197288141731
SAR311,25,2,1.6926572324267022,0.013002358760131505,0.013152474264356716,58.70751913054255,59.63652386226508
SAR311,26,2,1.6923364712575772,0.0038994201149458035,0.004367495439390693,18.201064760981808,20.64034701258207
SAR311,27,2,1.659015959609133,0.004758632733543319,0.005130670291827754,24.276001578421074,26.88819601867009
SAR311,28,2,1.6455728083744967,0.005157961789471588,0.005249050051280742,28.906795188247088,30.222621505306122
SAR311,29,2,1.603347626518689,0.011979751171186485,0.015616859141707634,72.21888999951307,95.47521010139576
SAR311,30,2,1.4822194812064442,0.023231418826500982,0.03127291148845578,145.27106826172576,197.15629789530047
SAR311,31,2,1.2613293139143702,0.04014631602202513,0.04950756003140061,250.9511953546098,315.6865116926031
SAR311,32,2,1.002673557007222,0.054481140647912665,0.06381627008148825,342.306151424958,411.5959611265564
SAR311,33,2,0.7338817652215122,0.06810990126472419,0.07725750549922478,426.91893455187574,498.4717159641452
SAR311,34,2,0.653707168785659,0.0760893191827147,0.08270917925653602,476.0213190531035,534.3394427808446
SAR311,35,2,0.5261188316585295,0.08241739330111725,0.08993882703474583,518.3271682417712,584.3249730936552
SAR311,36,2,0.4506428399326412,0.08898795559501649,0.09582569503723765,558.2140916192952,620.0298031542607
SAR311,37,2,0.34430312779604433,0.0956947121156277,0.10216968777829083,601.4379083720714,660.3601780421128
SAR311,38,2,0.5290131704725713,0.09549019293748463,0.09820950794588752,584.0960076518863,613.1083001130731
SAR311,39,2,0.7949636708774607,0.08313173788795164,0.08417813285870461,479.95913092456794,491.95917057893297
SAR311,40,2,0.705520831928415,0.0843673723541612,0.08661634876402455,467.938661756034,487.3614930210789
SAR311,41,2,0.9078346882183278,0.061359080181446465,0.07025942369031846,346.7273360895183,404.9642178074794
SAR311,42,2,1.1372238388306946,0.05679141641123525,0.05931354620423701,312.2473751205571,330.7428061788731
SAR311,43,2,1.4608159507925795,0.03703363796516781,0.03707544176934216,188.92876878026345,188.93970693294287
SAR311,44,2,1.5688123408088686,0.021225077665650873,0.021285208462905603,104.19820596391673,104.34755980611251
SAR311,45,2,1.5873271309207377,0.014333690942122123,0.014444967603913195,73.81192618279238,74.68904656848957
SAR311,46,2,1.5790565473703544,0.004091306132318312,0.005217042291757512,19.085093345864607,24.182560451930506
SAR311,47,2,1.5998092343997672,0.002914026905919923,0.0029528266054514533,14.501981911336316,14.631402039748595
SAR311,48,2,1.5568999975915987,0.013960741737646248,0.01947920209074113,62.26130006561698,86.79651707495137
SAR311,49,2,1.4841489341821432,0.0251081054629321,0.025241598410915625,110.81137431233674,111.77990963808675
SAR311,50,2,1.5491408440422294,0.013276015661407833,0.014984532601911512,57.9047268172053,64.03457448210763
SAR311,51,2,1.5536925181067738,0.02309624162588288,0.02493492694736656,106.24173338080709,110.8336718225304
SAR311,52,2,1.4659255867330296,0.028398091373477638,0.02856202227171998,154.39963271946772,159.73704120180233
SAR311,53,2,1.4483454872487438,0.029670923834398878,0.029671366973532468,158.6812017191246,160.3972936362426
SAR311,54,2,1.4753513956135547,0.03389495450959429,0.03464359239280991,182.34361941012003,183.09396590007634
SAR311,55,2,1.4866341378878656,0.03586022773185984,0.03948898130651426,191.94011394683503,204.80844697078
SAR311,56,2,1.458428238791408,0.038156843780666444,0.04355328722925763,206.4788560246866,228.98182117651345
SAR311,57,2,1.3645992141621113,0.046090844991072036,0.06150389584289779,244.9677143525828,323.44622997942525
SAR311,58,2,1.3284582575138553,0.05588432355531904,0.06728419221280962,304.5133563539016,358.02615554182773
SAR311,59,2,1.2277150844005842,0.06395481323531932,0.07584079800103884,352.2283546924227,408.0134332159857
SAR311,60,2,1.147841504598126,0.07383734711197057,0.0890326862409511,409.7859525337494,484.4913672061752
SAR311,61,2,1.0440038960459517,0.08481525785642557,0.09921816729312827,483.12463078408155,554.8629255903122
SAR311,62,2,1.0876281168115864,0.08438764051131475,0.10062672002023162,481.8179571483315,567.1030088021569
SAR311,63,2,1.0855251798618302,0.08441211046422613,0.10238391671950098,473.62451223356675,571.0334492920543
SAR311,64,2,1.1958400502019755,0.06455009883711724,0.08671679834642124,348.39288120275023,466.9864801903089
SAR311,65,2,1.2596459200202004,0.05431859195912746,0.0766872940952562,290.2008548550061,409.67388251576625
SAR311,66,2,1.3827950320384397,0.041267558105868296,0.05660606343578974,222.2806559038886,304.62419614289985
SAR311,67,2,1.4464828160892895,0.03693061050107492,0.04462578224258724,188.82758563974903,227.4500396782554
SAR311,68,2,1.4880578976266916,0.029198138209271265,0.03604650048177459,142.2736514736116,174.8302088536001
SAR311,69,2,1.5297889626380776,0.022527469051963296,0.02472055738644974,114.36919711029941,124.69506866898176
SAR311,70,2,1.4971952379293176,0.025075383975544555,0.025758270620512867,119.66700062643076,122.51042599842752
SAR311,71,2,1.5375994184063813,0.014823080944928046,0.01585122200700088,74.3457994794303,79.6909417720712
SAR311,72,2,1.450730585750744,0.021521877189792746,0.023748787556572382,99.54418035525714,109.84942289451016
SAR311,73,2,1.393419995366182,0.029631642807345787,0.03173386648494174,132.4402403353788,141.57231011774616
SAR311,74,2,1.443322797063077,0.0207177242433701,0.026834228992525907,93.41620021753852,120.61459692526547
SAR311,75,2,1.5022204186308956,0.012907417625644901,0.016213942575417226,61.46114896217205,76.43211997684494
SAR311,76,2,1.5051022254370932,0.010800900367045656,0.011003099341095944,58.47537181159032,58.95572399317535
SAR311,77,2,1.4749266510820105,0.010088470305959746,0.013810982633051987,52.9913055697084,72.17919963436279
SAR311,78,2,1.5047721822223517,0.009587477667397253,0.011856042921524968,52.801381969001795,64.04334159477763
SAR311,79,2,1.5007358167659994,0.009238290355689995,0.011015641765791635,58.22985126161484,71.02599854406635
SAR311,80,2,1.4916552920333555,0.007545298856946426,0.009129255842262122,48.77846311582471,60.4698463616523
SAR311,81,2,1.5147442332611858,0.003549991908324515,0.004329588579647321,23.20107394936076,29.01418809766545
SAR311,82,2,1.4825969424550984,0.00914926091682066,0.011724173029484372,50.18559145602376,62.80809917530208
SAR311,83,2,1.4398868625579824,0.01796040319137389,0.0215248260313323,99.17045847878535,114.52592227829312
SAR311,84,2,1.3935877206452587,0.03225503896946233,0.032256154722739974,194.86789316523982,196.47898232596418
SAR311,85,2,1.2998157354456383,0.041666082429625724,0.04230641016895974,259.1841359977243,271.1248841498417
SAR311,86,2,1.3244021942810935,0.03877446341212019,0.03883252608031984,234.44584005207162,238.18229229169754
SAR311,87,2,1.3275060511536516,0.03682240608523312,0.03726486593802428,216.47769396907324,223.68453636732164
SAR311,88,2,1.3463439904435495,0.04245782991473894,0.043784056754288814,240.45229782934575,254.00793200663406
SAR311,89,2,1.372500468285033,0.03406011435003623,0.03474474748911642,190.98472410645945,198.18104477375212
SAR311,90,2,1.3738593189829276,0.03044126552395989,0.030518664644648603,166.8713776010809,166.87142740957714
SAR311,91,2,1.4078562027130497,0.0273629677347769,0.028180151586134315,140.74847618501508,143.41554093489174
SAR311,92,2,1.43503893502448,0.02396168265563347,0.02514075326973049,118.60729784212026,123.2110757419495
SAR311,93,2,1.4492159156861963,0.020160276568887303,0.021714124381018753,103.46610497138954,110.25454664415072
SAR311,94,2,1.3719202995368742,0.02593010947518798,0.028889469240370166,123.61520358052212,136.1579049569398
SAR311,95,2,1.4239589316634382,0.018725521950314343,0.02145866076166064,93.0659914037874,105.54323478123905
SAR311,96,2,1.307738980011903,0.02969850955614774,0.035664165584741496,135.5284747308051,161.231526426489
SAR311,97,2,1.2702653826339596,0.030498535300260643,0.03750378027028839,131.44315289652877,159.6806548309991
SAR311,98,2,1.214135224079296,0.03141952674630135,0.04280858608325115,132.00202819818242,178.7781610475352
SAR311,99,2,1.207694321350385,0.04252286569479022,0.044543719251750755,196.3616503022713,200.48434800700687
SAR311,100,2,1.293882601328059,0.03436568620238167,0.034444948884632356,179.58529746271734,180.07400226330319
SAR311,101,2,1.3818402785835038,0.021898950893592173,0.023629041889457327,111.99937488364003,116.15559546281162
SAR311,102,2,1.3691378911997556,0.02395327771781568,0.025122604094549528,129.65388500133622,131.86655719345092
SAR311,103,2,1.4281746585340591,0.015176374437723116,0.015211974484087518,86.71558232978441,86.9280704661575
SAR311,104,2,1.2438889235934296,0.04185417049387161,0.04201724125797216,242.07495162840996,242.3528074863751
SAR311,105,2,1.1378639525175167,0.05070387169704617,0.05135317316673878,295.4623230058023,295.48666290377565
SAR311,106,2,1.025446479445031,0.06173652275024956,0.06226539081588145,363.0374553457532,363.1330013654604
SAR311,107,2,0.7471422302413079,0.0816819798100593,0.08235604234037132,483.135393414414,483.2967237254272
SAR311,108,2,0.5435248909848005,0.08990086089408486,0.09290613569629823,521.7005122887008,525.41338518643
SAR311,109,2,0.5232997980943264,0.09044944378897876,0.09601215431036084,522.5088544887444,536.6865041945584
SAR311,110,2,0.5452489186752485,0.07944726958666723,0.09159427830051951,448.12383908130687,500.5126443142868
SAR311,111,2,0.5236380357363298,0.08122361589358575,0.09152195001307681,450.16912218880043,495.38049267932945
SAR311,112,2,0.3376986610844065,0.09565016275312932,0.10701602861438578,519.9229140482821,572.1719890417561
SAR311,113,2,0.6398112763224211,0.0835248897255663,0.08751832385182202,458.7883463591779,476.0901002118384
SAR311,114,2,0.8982346870454619,0.059612648040923574,0.06586346473240123,326.10315432087236,356.82623119729624
SAR311,115,2,0.9266936936994785,0.056278044287513235,0.06325855727487403,289.35197280399143,322.4955315681664
SAR311,116,2,1.100093280766888,0.04695481619693262,0.05242340608294844,231.61234264621135,256.66812092165105
SAR311,117,2,1.2232443257855603,0.03653230378883157,0.04235534004406354,187.4045659565909,215.77732355825324
SAR311,118,2,1.1755264878520746,0.04202853384651965,0.046385954276452375,204.2941926414328,224.41187695696803
SAR311,119,2,1.3266065688163637,0.029680298875087465,0.03195802582237717,150.99505673088242,161.94704987361243
SAR311,120,2,1.2365606233285165,0.03975804253421481,0.04237322934931323,187.96368650274417,199.93532057646613
SAR311,121,2,1.1533237603825928,0.046525829599529195,0.04956507424300282,214.0806175384455,227.43945750223236
SAR311,122,2,1.2049350755938888,0.038368870195816,0.04106018425188086,181.87639589191713,194.0929747175776
SAR311,123,2,1.3979160919676168,0.014280000785829593,0.01816145996019374,75.85587620585238,96.54440439808104
SAR311,124,2,1.2947668641559686,0.025788002868299645,0.02754507151503489,154.16794186452216,163.892651095892
SAR311,125,2,1.2091470621076903,0.0352077679663807,0.035817162626972335,215.1753798001787,219.33924098341186
SAR311,126,2,0.985672648493069,0.055150945662568965,0.05948559557028683,347.76147360543155,376.11152877270797
SAR311,127,2,0.8002940818491622,0.07154894427077127,0.07372200609497952,457.9702377714834,473.37332470140996
SAR311,128,2,0.5648506781009428,0.09401846966530833,0.0951417808506133,610.695796448585,619.7625000339801
SAR311,129,2,0.42739968697260194,0.10493226263803263,0.10580127728276036,681.4426839736348,688.5886498971389
SAR311,130,2,0.4086285070454552,0.11643629042787838,0.11644614300755908,760.2610542600628,760.5217720566152
SAR311,131,2,0.4011346293450466,0.11448891132924706,0.11449266010686664,752.1265685276048,752.2311605551517
SAR311,132,2,0.428338567398446,0.1132456754769782,0.11367212270837719,741.0478278372188,743.7236007705734
SAR311,133,2,0.49977502343561025,0.1170196895395001,0.11786801242120454,767.8740671775145,773.1187263902025
SAR311,134,2,0.5028347155133795,0.11253262029688138,0.1129210558194186,725.3596596956982,727.6473024784389
SAR311,135,2,0.49840380972966813,0.1068802600309355,0.10689796504566124,651.5847626955888,651.6036425327729
SAR311,136,2,0.46618042200879983,0.10253279302872584,0.1033578805583868,595.864490350204,601.9341841832955
SAR311,137,2,0.6997398336652196,0.08187446236252746,0.08233359343777583,467.44317487181615,471.06298819007856
SAR311,138,2,1.1975293962233846,0.03946612660694608,0.049272813652942206,221.55571544219447,276.3949603375754
SAR311,139,2,1.2931495397179398,0.026329902211571683,0.036329352046710915,138.90275155336212,191.66442227335338
SAR311,140,2,1.3042571683301643,0.025095278149332503,0.027299665069484145,126.58367949525655,137.86440174710356
SAR311,141,2,1.3175478417839133,0.019563882633182282,0.02368134632720742,103.45399935177147,125.28859602261262
SAR311,142,2,1.3574412500736863,0.012565189243685194,0.012838198443484397,61.98338043193644,63.36236706761328
SAR311,143,2,1.3810538748045764,0.014338631967031161,0.014702975320091545,73.598234506464,75.50589228140299
SAR311,144,2,1.3246927547127345,0.01715561438064951,0.017179289823894148,81.84067467719206,81.96154306150513
SAR311,145,2,1.2699334819489974,0.023710647124812516,0.02372903405400164,109.53634786762223,109.61226012056491
SAR311,146,2,1.2980478353361409,0.015061798270397372,0.017402144956976603,72.00766602894873,83.41587162178891
SAR311,147,2,1.295721215655913,0.023189230922995366,0.03102947737803017,122.11852214555711,163.29180640224467
SAR311,148,2,1.1441428522501162,0.038644018663947045,0.05241188839955502,227.85007927238303,308.59141788918635
SAR311,149,2,1.1281443996514373,0.04183380488670732,0.05672028982189739,250.83464547037875,339.94357443484654
SAR311,150,2,1.047972543948288,0.047495370843482904,0.06602997885550324,297.7835435552447,413.9997561646114
SAR311,151,2,0.9569526462170882,0.06648483131761619,0.07875775834775674,428.4316389175524,508.61408639744513
SAR311,152,2,0.8980263851511687,0.07942480870004773,0.09429296614079412,523.2775524272042,623.9181126244478
SAR311,153,2,0.6940408594023788,0.09854018132019808,0.10951500919132956,653.5919900237741,730.8015799374909
SAR311,154,2,0.5383693946202104,0.11752177962803634,0.1260295680556581,795.0866194925311,858.1462644509515
SAR311,155,2,0.32511608637343165,0.13927353032468917,0.1503262643921072,957.2208094774041,1040.7221484142842
SAR311,156,2,0.10429622151630727,0.15495720272749866,0.16326059785348018,1076.795131939541,1143.3306661836607
SAR311,157,2,-0.04010007773117866,0.16718536840050077,0.1721063498528071,1170.18896080503,1212.6532317545432
SAR311,158,2,-0.2934241862885562,0.19143322364643242,0.1956232289485194,1333.806623922139,1372.1923099570772
SAR311,159,2,-0.36886309729667,0.207487027608856,0.21272841002267526,1378.6015095593411,1422.443585562013
SAR311,160,2,-0.38588911729181397,0.20898780333358552,0.21512634559832686,1322.0758436134852,1368.8171147080177
SAR311,161,2,-0.251463623742943,0.19314723951404966,0.20185275591484877,1196.2894125861872,1255.5232965472267
SAR311,162,2,-0.08528894144236904,0.1774580586586211,0.1861737466490016,1087.2618648681669,1144.1716471463874
SAR311,163,2,0.28330185438386823,0.1382870042380725,0.14951448626931296,788.7027098662525,856.058640504248
SAR311,164,2,0.6694318404772308,0.09929689841695713,0.1102748512942832,532.3966844436031,593.7328461970649
SAR311,165,2,0.9232185216522989,0.07160923279803108,0.07895044781216419,392.0864571265529,432.8546961113983
SAR311,166,2,1.1270967485251826,0.04342129808119956,0.05485547597414741,220.66762297180594,278.91880294245846
SAR311,167,2,1.1192476044901092,0.04459834215861583,0.058680894036646114,236.8872062736732,311.95522146778546
SAR311,168,2,1.167557301887006,0.033374219280668305,0.0454841321149398,163.35998951172996,222.68538100978608
SAR312,1,2,3.3413809110107717,0.0027370635092300727,0.002747862410288832,12.443743154115964,12.522951676749418
SAR312,2,2,2.3863392494400015,0.02062883431852812,0.02114526732151505,96.54817047447386,99.38220355601611
SAR312,3,2,2.2698251286672555,0.023329148665350515,0.023948668079776764,119.5567134003436,121.83987960013135
SAR312,4,2,2.0737941460844636,0.025402131211161666,0.034273440794279963,142.40751041043222,191.20986848509673
SAR312,5,2,2.1556646219250584,0.012408274394123897,0.013822893206968941,72.11116992156394,79.46347264074046
SAR312,6,2,2.1169471795754653,0.004102672530480994,0.004160319013256356,24.863699811881816,25.116055125576857
SAR312,7,2,2.0024770354136865,0.015895236309556096,0.020984760309184725,96.81389666323048,127.47668032255461
SAR312,8,2,1.901404229407451,0.020934545039913266,0.028438086915119738,129.73493754192805,175.9795329005417
SAR312,9,2,1.8276868160812203,0.028028120320131578,0.034978739226270913,175.43588638093024,218.26478038011615
SAR312,10,2,1.781691461060258,0.030599470392765546,0.0360088862118874,194.0712143818164,227.43485558190164
SAR312,11,2,1.8014983456406943,0.026687490340841558,0.03197695417044705,169.37534756831337,202.1937077663912
SAR312,12,2,1.6931476292102712,0.03757363261316332,0.04041727904133021,238.7810904719522,255.64617083903954
SAR312,13,2,1.6182142346805175,0.04357930940693318,0.04556971622964305,278.2665229177078,289.7924535810183
SAR312,14,2,1.5818744232498267,0.0453683745459586,0.04696655407211243,285.3344407313325,294.2697455415741
SAR312,15,2,1.6366381237551877,0.0412215257004996,0.04480172283228079,244.12678520834652,264.2787811345634
SAR312,16,2,1.712673783138547,0.035047776348617055,0.03787974880344039,197.46697026106312,212.3989151713398
SAR312,17,2,1.772712985283272,0.021030488920249432,0.027298607574323026,114.39063055177985,147.74093206446304
SAR312,18,2,1.756634952507445,0.017311142456370183,0.02428435950731421,93.2837242045639,130.79800031089928
SAR312,19,2,1.757742136368083,0.01711923730477878,0.019546699545950234,88.44580351715604,100.45866990725612
SAR312,20,2,1.760028776751211,0.01505560984703282,0.016969110089016134,74.53155947758523,83.69159350810075
SAR312,21,2,1.7758995921567815,0.012941910356588388,0.013340464698066322,67.30119024947271,69.10571062278798
SAR312,22,2,1.804510410774853,0.0037953739342375635,0.004395788368895252,18.271835070566794,21.06301799155619
SAR312,23,2,1.7741162714199867,0.0013593970012305318,0.0014287882256672655,6.910247967497071,7.2941799709333495
SAR312,24,2,1.758256527891546,0.010123545504969439,0.010214899690997679,46.85052911177627,47.14288012361338
SAR312,25,2,1.7458450695000214,0.01260922736328602,0.013536179325264124,57.31979533954609,62.043185173607625
SAR312,26,2,1.7569852054667816,0.008038483337095365,0.009383979734910643,37.78236165931048,44.63505291765011
SAR312,27,2,1.7652063089712278,0.004200233164854905,0.004418988095172165,21.376672206744388,23.087384285382374
SAR312,28,2,1.7182039526512782,0.004680015610177807,0.005196069324790576,27.30266187284451,31.47684980447787
SAR312,29,2,1.7010145258180778,0.0075937245637624495,0.009850660734517567,38.82766421684255,49.47882839958305
SAR312,30,2,1.6367573630912866,0.024170931164831218,0.024197392715512807,140.1939363853653,140.3516983101997
SAR312,31,2,1.4461927684833127,0.044183964752485615,0.04435703024497759,261.0277202146699,261.028167579684
SAR312,32,2,1.2623811657352593,0.06042420550257542,0.060889152305914476,361.3306148193569,361.4972899950601
SAR312,33,2,1.1077208717123668,0.07249299527878728,0.07321547111425784,435.44550766134944,435.88933719694796
SAR312,34,2,1.0686063865713888,0.0809970146882672,0.08426523515030028,483.2354020026878,491.72387760932793
SAR312,35,2,1.0134457609170493,0.08780892434013968,0.0917743286926044,526.5580267582855,537.5486977737519
SAR312,36,2,0.9347987349649811,0.09512209631674781,0.10078639908800864,571.8758523683732,590.7135698564648
SAR312,37,2,0.9238447275130602,0.09557876301036902,0.1032183565464426,578.7355362084231,608.5952192425792
SAR312,38,2,0.9619007945786342,0.09708400365711983,0.10974391405002604,577.1800680822794,636.2112016945781
SAR312,39,2,1.1032011010908802,0.08440182504662247,0.103470588199096,476.2184954537315,574.3158529758255
SAR312,40,2,1.075621218439088,0.08559621943883149,0.0992073687304393,466.9842587369558,531.5694705574302
SAR312,41,2,1.322104464813774,0.06083850499026202,0.0683116102402855,330.0629305272819,363.0345668301932
SAR312,42,2,1.3709697364140154,0.058804332132889346,0.06806828658378207,316.49790314390066,360.81189347257555
SAR312,43,2,1.4351150895497633,0.04696940619356226,0.06591134314794807,237.7764080156885,333.49768511779786
SAR312,44,2,1.4591431747885681,0.04311336763268954,0.05354215862235114,213.82011976646163,264.5765785320903
SAR312,45,2,1.5066564153254745,0.03735342910821509,0.04703552162664613,191.93145935680786,240.54604092316424
SAR312,46,2,1.4860825059572105,0.04022692105136076,0.046530301953064755,193.62594453766042,222.39735577532883
SAR312,47,2,1.5772382749897096,0.028938435531420482,0.03310639019095964,144.8446183076062,164.54291631794945
SAR312,48,2,1.5026553390313457,0.03823487595946609,0.044136981282653816,175.27244763222689,200.7154594411535
SAR312,49,2,1.5682199712218134,0.02503710583727696,0.03538083544848089,108.38917933615676,153.16152152414952
SAR312,50,2,1.5443863226619248,0.0309167590724952,0.03462657018370739,136.7349141920704,150.0967300535252
SAR312,51,2,1.5597413440041037,0.029444367288221043,0.03798825951325768,129.5163440712986,163.36689828388964
SAR312,52,2,1.5554846859078948,0.024889517376307173,0.02810837576243076,122.58014110067234,131.78831306329997
SAR312,53,2,1.5366933746948184,0.02569950685076583,0.032473982439792035,123.31961043048295,151.0349348671962
SAR312,54,2,1.5320844270885274,0.029364484499727485,0.03862700155869764,146.1944817953713,188.76929135833865
SAR312,55,2,1.4498697852713651,0.03723335248959106,0.05233631223455825,189.5025567439402,265.986121315482
SAR312,56,2,1.4272222767024325,0.039061890700831076,0.053557763599821,204.73960446466026,278.9541091269613
SAR312,57,2,1.4052044226969418,0.0430894339436875,0.05987994607533857,226.9744434479403,314.32707854530844
SAR312,58,2,1.4346988103223375,0.0433643187403502,0.05381901482150619,233.1560337489418,282.99404873220794
SAR312,59,2,1.4157053097705259,0.04266577728367494,0.04846697284888758,233.71042684602253,258.0483863406882
SAR312,60,2,1.3477758920521592,0.0465177436765037,0.0501586682960929,258.35614796902837,271.76958833825427
SAR312,61,2,1.2895922675410003,0.049446209855988944,0.0513346572691646,281.30430105204596,286.95932329706517
SAR312,62,2,1.3501941285063301,0.04549670064372292,0.047777793181874306,257.3137230627649,265.75933619766624
SAR312,63,2,1.347734107797952,0.04518292925880539,0.04821306811389877,248.46459232589405,261.94936665864395
SAR312,64,2,1.488094910228101,0.028550776232571542,0.03493803225400972,149.94262924675968,181.67996864205503
SAR312,65,2,1.4918624988781566,0.023305360383126715,0.031915200268446624,120.89118312832625,165.12892498348057
SAR312,66,2,1.5242854838296216,0.01258817633351935,0.013156684080028347,66.93061081060569,69.47001769828559
SAR312,67,2,1.5341596714907122,0.006786938909413528,0.006976237537650372,34.28176288564282,35.063023754032244
SAR312,68,2,1.5835772790227718,0.00389223900632241,0.004719687505620327,18.6242898943824,22.416653380311953
SAR312,69,2,1.593492022930481,0.005986788349310997,0.007221425871470562,31.02983133116959,37.70752111129705
SAR312,70,2,1.570353949239175,0.011131990771733408,0.011819619268006166,53.25254947510393,56.940199149997916
SAR312,71,2,1.525382897652501,0.020838214717196067,0.02122972949642964,102.89844463866348,104.5412406908712
SAR312,72,2,1.4165413000162115,0.0296642046586688,0.02966437425686654,135.72309746473366,135.72602690160107
SAR312,73,2,1.4093767587268062,0.03112737614618842,0.03121816114235419,137.62058252113002,138.05720691211607
SAR312,74,2,1.3551949953413591,0.042359571482233696,0.04384964480428308,191.38695913185666,198.44597944641387
SAR312,75,2,1.3440588197807966,0.04913077666434085,0.05897237888160244,241.6565841427505,292.1663130936748
SAR312,76,2,1.2389436035727672,0.06371616787048237,0.08274929793580266,351.39441838187895,459.1967935494587
SAR312,77,2,1.2012261331800196,0.06837514118978792,0.08439542373301899,386.8667555865836,482.3694355505835
SAR312,78,2,1.2348028802233375,0.06627899799038546,0.08372312543372641,391.25975129229664,499.18134767581483
SAR312,79,2,1.1868798385922361,0.06716261087174266,0.09238705285168097,410.4406741257885,566.3510152359612
SAR312,80,2,1.1700995731517114,0.06792706631017682,0.0956398191121743,425.75909427057695,599.8201818906053
SAR312,81,2,1.116088865864967,0.06740069160597079,0.09349291757463267,425.4915670994433,591.8910669834802
SAR312,82,2,1.1317553835752203,0.07235492405359208,0.09702224081157773,458.1940032181419,619.6699465151253
SAR312,83,2,1.102254373185087,0.07531020328726823,0.09507518196724976,472.54611028202726,607.9351285491579
SAR312,84,2,1.1981120513672758,0.06444242456687377,0.07762171306756395,400.48302375749427,494.8084542390934
SAR312,85,2,1.2732029633456952,0.05853984330504668,0.06722290370433663,361.5660657599801,427.8714548055738
SAR312,86,2,1.2407441545693607,0.05956637677349597,0.06505252580159478,359.59152885713365,404.1270309905651
SAR312,87,2,1.2660087447829502,0.05171151103480364,0.05489713856910372,298.36487171096996,324.1766145531472
SAR312,88,2,1.244793142396287,0.04985172765799784,0.05047048015964697,270.9225520953687,277.5492274091864
SAR312,89,2,1.287498740107639,0.04873220760072022,0.05058656144811905,265.94690422737267,279.7332464814576
SAR312,90,2,1.3464888140269344,0.044967332195048546,0.04744845154996536,245.88613070218207,263.0201419665852
SAR312,91,2,1.301224160704991,0.04321519461334547,0.04465273899936069,222.77729744211592,232.10781766222183
SAR312,92,2,1.3433792927121906,0.03962502457994982,0.04211174092947117,196.4708381811356,210.20464402368768
SAR312,93,2,1.362508350483302,0.03392342251794566,0.03506373769910655,175.26266181888695,182.2053976559037
SAR312,94,2,1.2807321023254974,0.04129553080476873,0.04137790262982508,197.99365142889746,198.739994256171
SAR312,95,2,1.3031864040022327,0.03808273366884123,0.03897692321412152,191.32998057738178,196.6941106282226
SAR312,96,2,1.2220667306980415,0.04560161992371301,0.0456735099202309,209.9671389081568,210.08309956005922
SAR312,97,2,1.1705625072513357,0.04886265429378139,0.04894231592414493,214.98596839590027,215.02707223102476
SAR312,98,2,1.0987219384916744,0.05740476638422684,0.057426676311046206,256.10912978454826,257.19523907875083
SAR312,99,2,1.1160801649624603,0.0665947471413971,0.06877578270966615,321.8090893393364,340.98439816033255
SAR312,100,2,1.2075124019156984,0.06150463598789116,0.06903909892532713,339.3464957148626,395.5284798775148
SAR312,101,2,1.2020247647379885,0.05732607978548459,0.06280158810608327,323.38335663996304,368.32951959170515
SAR312,102,2,1.295792546728126,0.04388340205497941,0.046445581724698405,253.27148791312356,277.6214409928343
SAR312,103,2,1.3463345359896022,0.037399007879235543,0.04450490185145237,227.40928041082452,278.9192642440973
SAR312,104,2,1.2641119766466409,0.03706905189130288,0.03728303506897487,214.347494897489,219.66154159561552
SAR312,105,2,1.170173966069593,0.046245829188932754,0.046249412262499054,268.06414784638037,269.89587086199697
SAR312,106,2,1.127281572939817,0.049349347885161335,0.049811114555566784,282.01018290661295,282.0121326293716
SAR312,107,2,0.9635595279006184,0.053016241916238896,0.057440726501442496,292.3489168195206,305.25857848177765
SAR312,108,2,0.7984247282584418,0.06421542620692637,0.07027005257334035,353.6345111146734,373.2287397360999
SAR312,109,2,0.6584034985742178,0.07095614127658968,0.0775525843516612,395.7541068825112,418.61746246975497
SAR312,110,2,0.7312068290806741,0.07445101566122019,0.0778071262799862,421.9311343781501,431.76443778001607
SAR312,111,2,0.7629889705031891,0.0638970642494305,0.07027160864925441,348.232732146289,375.3322752531659
SAR312,112,2,0.6953661340551551,0.06658285647769635,0.07611850112798507,351.98054855868213,396.94646199414774
SAR312,113,2,0.9139751393268687,0.047729138219485504,0.05657498913107219,253.65002718777077,298.34265607368104
SAR312,114,2,1.1212803319836304,0.04356707912470066,0.04532628646230411,234.62556381344257,242.6774479987936
SAR312,115,2,1.1456168240748568,0.04172868723417465,0.04313073985712213,211.54956232905442,217.59743228701134
SAR312,116,2,1.2525669354218039,0.03550487811075642,0.03651965527843005,173.12534481836337,177.37861198181446
SAR312,117,2,1.276077146362137,0.03105101435416379,0.03182391760615786,158.48176754108,161.81446494333713
SAR312,118,2,1.2602426647595948,0.029877386107356255,0.03316406127836242,143.54082307339468,158.82041763767046
SAR312,119,2,1.3578197037917503,0.022558773088884418,0.023670804886878376,113.79175746315195,119.14706338884872
SAR312,120,2,1.2877896629129504,0.02516167740438649,0.02933431558073903,117.66955156435051,137.11411980849138
SAR312,121,2,1.225778031873439,0.03023506980399615,0.0358082579350157,137.42967155081715,162.61612086985346
SAR312,122,2,1.2296822190534578,0.02894252146559609,0.031927606044556585,135.82645375554966,149.71503372976707
SAR312,123,2,1.2681308741066304,0.033839986435184544,0.03607779000947864,176.22235967937877,187.16235238491387
SAR312,124,2,1.1977828253215073,0.04294715008466709,0.052814527225299876,251.10059368377097,306.95804192541567
SAR312,125,2,1.1516515351144496,0.05071723466693166,0.05621002598022727,301.89733608818824,332.70559518496464
SAR312,126,2,0.9455396872661526,0.06738969951445234,0.06924907519841997,413.8863216284153,423.9723436827547
SAR312,127,2,0.7847340804085897,0.08129288740762208,0.08374073802613703,506.50915705019406,519.683617711232
SAR312,128,2,0.6324924480667435,0.1001976594718316,0.10331585102526614,632.8950407381917,649.629541206293
SAR312,129,2,0.5231736778758569,0.10877577171255969,0.1119340154129903,687.9835139633583,705.2739324145269
SAR312,130,2,0.43693439266329126,0.11987407139296326,0.12448567492316298,765.9073802632179,792.6526339219454
SAR312,131,2,0.3923329865189284,0.12311894859550754,0.1278255317787931,791.9761693174223,819.828920846255
SAR312,132,2,0.45840167372505963,0.1229825126147867,0.1287562615068765,792.1492263406008,827.9924388340384
SAR312,133,2,0.4202492495369816,0.12801095530944212,0.13497122850124138,826.1477968498994,869.0405840956507
SAR312,134,2,0.41740467992705055,0.12554090017528607,0.13035610687631646,797.0613633447529,825.6940746103426
SAR312,135,2,0.3741491840169496,0.11836485897640582,0.12130498773247798,710.4927464943189,725.8347368663252
SAR312,136,2,0.4379244451918439,0.11020984057212442,0.11114248923579598,628.9112065947425,632.759144153196
SAR312,137,2,0.6851278666879075,0.08995451035155654,0.0909271564171205,505.3241692658271,509.263242271844
SAR312,138,2,1.0986411025233604,0.05620804113142784,0.06904107898739534,312.10620879747285,382.2964446115463
SAR312,139,2,1.2123664681145718,0.04169543523275571,0.056790292442443026,216.96173540168138,295.3673526149844
SAR312,140,2,1.2276080395496212,0.03874250660934111,0.045304216211973614,193.5323511438619,226.1321490386245
SAR312,141,2,1.2480519667762484,0.03183317406750417,0.040139733659512976,166.6564174071168,209.9718776136494
SAR312,142,2,1.2886057690012385,0.02257675730104497,0.023671376568232788,110.5054489586496,115.6367433688117
SAR312,143,2,1.3032138966103417,0.024104917806211372,0.02461912835149966,122.96831087310875,125.4196737546839
SAR312,144,2,1.251742342279469,0.02586747035165645,0.02764295841568851,122.45343715024956,130.63131887034194
SAR312,145,2,1.2228923262505236,0.03357934991499606,0.03551850618328155,153.94920082317412,162.52917619440626
SAR312,146,2,1.2275763160162896,0.027731973966472305,0.03754429848464822,131.17303597953014,177.5811877847936
SAR312,147,2,1.158146857842599,0.045287031589006474,0.05649726097678744,235.25929654241736,292.3807666303425
SAR312,148,2,1.0147052601371338,0.058755872771660944,0.0763817602774271,341.8757334629099,442.5475885839139
SAR312,149,2,1.0424476655409738,0.06269847360293203,0.08166983221185554,370.3470339695996,481.260417970773
SAR312,150,2,0.9719084984951504,0.06698729001616087,0.0930476685858896,412.33680287111474,572.5685246160534
SAR312,151,2,0.8946232485922302,0.08666506624278739,0.10804649659471748,548.9877599986394,684.004540188532
SAR312,152,2,0.7645030643565937,0.1011573586299153,0.12375192754487664,655.4607952478073,803.0457766749659
SAR312,153,2,0.5835735435455506,0.11855925040828122,0.13731600168396532,775.480196810126,900.6703550654971
SAR312,154,2,0.36641808925832553,0.13953324745427195,0.15490581705617984,931.0694421647731,1037.2922721021034
SAR312,155,2,0.12875989652924288,0.1619429464665564,0.17945045459490813,1097.435932412253,1221.494066460545
SAR312,156,2,0.06052970521082257,0.17927802156982983,0.19222530780147848,1228.878551731722,1325.2473270971132
SAR312,157,2,-0.17499556209677003,0.18884284221447986,0.19947106688401833,1306.4329078946166,1386.806263237656
SAR312,158,2,-0.34728373904567617,0.21111448020019918,0.22023577424104612,1456.2293846150696,1527.7367853543115
SAR312,159,2,-0.47045758638308455,0.22007883209521503,0.22939659014803043,1452.5163757957753,1522.1383421843243
SAR312,160,2,-0.5237655328782588,0.21726426859358894,0.22875299671690238,1367.391110514363,1445.8563809476393
SAR312,161,2,-0.300503289915433,0.2021542144313967,0.2155148165893898,1244.4409196213628,1330.0000879644447
SAR312,162,2,-0.3521254909185663,0.19326756234914994,0.20351661280947791,1173.896817385766,1238.8549358126738
SAR312,163,2,0.10515100735776892,0.15846968798572675,0.1703341533110935,893.8324977815532,963.7074594796096
SAR312,164,2,0.5351983377259651,0.11791823034875032,0.13064673266658663,625.2418184039625,694.8014563428354
SAR312,165,2,0.830794349949936,0.08279362534309428,0.09138085055098435,450.2827782209165,497.2491591341107
SAR312,166,2,1.0610507325659817,0.05301574206325378,0.0665305372074681,267.4770124096822,335.617012739045
SAR312,167,2,1.1042198613147525,0.05430654871355533,0.07045447546380434,286.2351656493256,371.5302215072557
SAR312,168,2,1.0728909465621865,0.04600295651760395,0.06006247749186766,222.999309921227,291.12581396584835
SAR321,1,2,3.216680791484969,0.004949920815792798,0.005928921152672082,22.873800466426474,27.571346303335016
SAR321,2,2,2.434368060248368,0.017860531726028903,0.019299395676797105,83.96097630028498,91.22234500679355
SAR321,3,2,2.3622203865163502,0.017081365433623864,0.017271477943485058,87.9655366203715,88.55536615963938
SAR321,4,2,2.0744297434127486,0.023984919905162952,0.030546077523853337,135.62616603648894,171.09315858101
SAR321,5,2,2.10397535798654,0.016934215034322797,0.018715088464274263,98.22547235812635,107.35589555476072
SAR321,6,2,2.0414061684705747,0.012697808719352964,0.013933213306559274,75.71465834143646,82.32113213881391
SAR321,7,2,1.970723219379631,0.0055189398886412305,0.006565934386957972,33.236542484598885,39.223172723831574
SAR321,8,2,1.9285893596094912,0.0029082281255463915,0.003948971781959758,17.63200448501675,23.88367389359956
SAR321,9,2,1.8707638057810851,0.006841794127531137,0.006987708496106615,42.44769127758491,43.12604718126861
SAR321,10,2,1.8060340138397928,0.013186148320971383,0.013186788234459195,83.11612090168046,83.1828034664194
SAR321,11,2,1.7792699237437972,0.012641860991342152,0.013619739177309423,80.5921061043232,87.46431707193737
SAR321,12,2,1.6737633388602502,0.01888765260074514,0.02318941157206926,121.32609393621897,149.84287981945545
SAR321,13,2,1.5570363528160118,0.025799900652172567,0.03218479070358739,165.99102138021726,208.16914901772378
SAR321,14,2,1.5800446335451968,0.02199108241125082,0.029421914059717856,140.22951940655594,188.1569856776232
SAR321,15,2,1.6552888445247844,0.017441169632944495,0.022853288099671815,104.42533057421178,137.33111835432916
SAR321,16,2,1.6698244254972048,0.015055171189736892,0.019095800711080177,86.03130988142948,109.69603212428667
SAR321,17,2,1.706528421261476,0.007957245939851323,0.008508526126215787,43.196801140526986,45.62544861988262
SAR321,18,2,1.7050684748510416,0.004556473398650049,0.004595917681771034,25.119134704281805,25.47096330659233
SAR321,19,2,1.6821909114947626,0.006360293637549353,0.007773239151792773,33.48546422946947,41.15660924992598
SAR321,20,2,1.6871246273921925,0.006136905814507064,0.006587468498028636,30.625272847653832,33.03501422854451
SAR321,21,2,1.706769537390243,0.006846286865515228,0.007474756948421944,35.33214014855821,38.39086343377067
SAR321,22,2,1.6965359537100229,0.003134983286634866,0.004376222905482696,15.420360541101218,21.534410205054492
SAR321,23,2,1.6785453877574956,0.0035776454313769393,0.004191463906402272,18.215054891416912,21.424088814152128
SAR321,24,2,1.6881806673407174,0.011028562583466059,0.013407829511041865,50.51085087469255,61.10586740173954
SAR321,25,2,1.6466525141011832,0.016714588820581633,0.016923541088469943,75.00159487744622,75.677134574798
SAR321,26,2,1.6649766133126125,0.006065589537530884,0.00817696429648496,26.80829824108423,36.01175698414045
SAR321,27,2,1.664001320311125,0.015480409067618314,0.015904572938019196,74.83663724341886,75.71416146273677
SAR321,28,2,1.6447702236030612,0.012649176307491267,0.0127103292406804,68.64361556178028,68.65668282888116
SAR321,29,2,1.5788984005501163,0.022572779788702764,0.022753245297169277,127.25042712412142,130.33271503939358
SAR321,30,2,1.4426427441455858,0.03323898453009577,0.035639638994029194,198.8806081136704,218.95452809548783
SAR321,31,2,1.2105054015323389,0.05044401308270607,0.05421154789308693,307.0138591225045,338.59067633169036
SAR321,32,2,0.979280141824443,0.06328768111366923,0.06775081238852015,390.2853642727546,429.4066922338236
SAR321,33,2,0.7635928606981797,0.07506249002640816,0.08030548433856634,464.70525084707015,511.4021357216738
SAR321,34,2,0.6505236752598303,0.08518830313702559,0.08835585267717469,526.1983643875042,560.5897195687778
SAR321,35,2,0.5146064971433443,0.0916864483095962,0.09559850149374992,569.7163692467243,610.8821144383171
SAR321,36,2,0.4356238339429316,0.09739901884438838,0.10073482518861572,604.7790013426561,641.6527751019571
SAR321,37,2,0.2892972640870143,0.1044612116062153,0.10768426024278333,651.2409967346125,686.5695161045492
SAR321,38,2,0.4679563492410015,0.10377759730201902,0.10485668428603832,631.6548768563116,647.1793696499082
SAR321,39,2,0.7569058786325995,0.08984958588042966,0.09029356607786361,517.4976727593821,524.3609093299542
SAR321,40,2,0.6230521920326988,0.09186265576455913,0.09326416272788417,508.1747639638502,521.6842562504398
SAR321,41,2,0.8835778087765703,0.06860248492668275,0.0748226466406164,384.6826489139853,427.8323610743747
SAR321,42,2,1.114918887405389,0.06124889012199765,0.0622026675855442,335.4329550997072,343.9239535722346
SAR321,43,2,1.424637751689395,0.04083814284436684,0.04176107295512929,207.85908814255436,211.20993132355872
SAR321,44,2,1.5286786135909791,0.024927473152672436,0.026166605463172142,122.17789681436943,127.59736092069488
SAR321,45,2,1.5437050296404897,0.0182297057595367,0.01845317519343726,93.31489745247336,94.09084841611988
SAR321,46,2,1.5531594927511607,0.008712927120217435,0.011946413696913852,40.623462816240135,55.59061569243409
SAR321,47,2,1.6026990474648708,0.007271963818914401,0.008633966088186078,35.78455255450808,42.16147330199117
SAR321,48,2,1.5528741524976724,0.018450880832356978,0.024917791160805572,82.7675077743379,111.47328579679713
SAR321,49,2,1.4545167673038248,0.027967955913477366,0.028221741167680343,122.97411157686201,123.67893567545347
SAR321,50,2,1.5314907194729592,0.019142232294474586,0.023416311716300764,82.85754553479183,99.74458531578719
SAR321,51,2,1.463836989710616,0.031374419031905396,0.036015035652534236,142.21763281856056,157.4634143646951
SAR321,52,2,1.4145924510918948,0.03725081932450357,0.037454694014080914,196.31133920618504,196.59760981163032
SAR321,53,2,1.4100798780049586,0.03874887348662409,0.03947825396494452,202.16912224641646,202.51922379411948
SAR321,54,2,1.349983415151911,0.043124007563937486,0.04533506084939158,229.7022030735293,234.9136401732639
SAR321,55,2,1.3590715581057409,0.043871346356885395,0.05028455763935307,233.59671898833676,259.6117363616364
SAR321,56,2,1.3431106637752914,0.04425273410307905,0.05217385366473017,238.87115552555224,274.25877803180055
SAR321,57,2,1.2681898753219376,0.050201522301221504,0.06790475434068773,267.28102637096936,358.6324624081577
SAR321,58,2,1.225590327292628,0.05963746740725939,0.0736613087954102,324.6548356002186,392.75181048824317
SAR321,59,2,1.1702423090059386,0.06762799341927678,0.0815579980981557,372.5924628659882,439.70274403417943
SAR321,60,2,1.1158664344475708,0.07694880170014824,0.09358271354254122,427.64270265568894,510.50455773382595
SAR321,61,2,1.041362718805914,0.08767402642170644,0.1034888740540512,500.05932005824525,579.9763406695514
SAR321,62,2,1.0500048562716784,0.08691491415448689,0.10438331478212014,497.03292071832084,589.5992943268517
SAR321,63,2,1.0438465854668524,0.08557410581224822,0.10405347349673946,480.584554013843,581.0020633946789
SAR321,64,2,1.2072122072416627,0.06594510298281878,0.08820477795703784,356.34042095035693,475.5105967662814
SAR321,65,2,1.242753897281779,0.05611054847591056,0.0787816972611763,300.3029248676553,421.49804985832117
SAR321,66,2,1.3380050982319416,0.04325980625624853,0.05925754975512657,233.45027363266308,319.499067524726
SAR321,67,2,1.360975165783493,0.04031655020899765,0.0483857383093336,206.6481474751904,247.25579916974343
SAR321,68,2,1.4076996581040515,0.03471509993807101,0.04212301975152898,169.91319050363472,205.20374383721017
SAR321,69,2,1.4450291450814925,0.027607420689372667,0.030544535579063465,140.54500241890673,154.5566876596087
SAR321,70,2,1.4069466515608033,0.03225947082916536,0.03366574041261765,154.4283191164659,160.58058065125067
SAR321,71,2,1.4376324549809332,0.02074695367614117,0.020951181525932134,104.13988498784056,105.26624662451341
SAR321,72,2,1.3639723420172984,0.027796399812214302,0.02870804852309471,128.91895513855934,133.10888067719802
SAR321,73,2,1.2973235282322868,0.0372114669032859,0.03804314939156514,167.08117107162843,170.5452298215339
SAR321,74,2,1.3675609042913837,0.02850155408945776,0.031123532872070276,129.88080571130558,140.91334395166865
SAR321,75,2,1.4191832979666565,0.019758403955489494,0.02111596139880025,96.1680285427542,101.39342945928419
SAR321,76,2,1.4590094547329344,0.009878257136704824,0.011567019016864175,52.04791921746073,59.76893189978943
SAR321,77,2,1.4288312022561678,0.013525014335276416,0.016481255197852557,72.53778846556634,86.73466183526979
SAR321,78,2,1.4204510917297943,0.013259847092279283,0.01517123933258899,74.26307555111589,82.91960602587248
SAR321,79,2,1.4283275892848892,0.009208891347258708,0.009408391027904328,55.994762022829946,58.35518186376992
SAR321,80,2,1.4349542083129305,0.008541004801901963,0.00858352168887897,52.2355071044326,53.27282375037133
SAR321,81,2,1.4225463761177815,0.0038087534646235113,0.005082154299699774,20.90343788430755,27.522374530744123
SAR321,82,2,1.3853294320665919,0.014450753632229748,0.018005739518973773,80.22099965263533,97.15844762894963
SAR321,83,2,1.317225079743394,0.02408531069750812,0.027201632884608973,136.08330581477503,147.6381391999936
SAR321,84,2,1.2742485664653058,0.03654901491554443,0.03664319909688663,219.34200738405798,219.80000070448457
SAR321,85,2,1.265507588821343,0.042569305432929694,0.04269248958577547,261.2315211174446,266.9532447412085
SAR321,86,2,1.2742900855441697,0.04017546028966186,0.0401996624197976,240.3339880077915,241.2980707262542
SAR321,87,2,1.319671918212415,0.038905217693078364,0.03900233671699599,226.81913984584025,230.34388083950847
SAR321,88,2,1.2789823387205903,0.04462147955752539,0.04561186353254442,251.9754703599101,263.2141947880619
SAR321,89,2,1.3403480315099467,0.035177356603589074,0.03550706975494345,196.31764922110415,200.76063806769142
SAR321,90,2,1.3195615244418923,0.03226776605172514,0.032515773651777505,176.3912098081014,176.6580864135929
SAR321,91,2,1.340977337679159,0.0313791415264064,0.032373560104717945,161.68758626979252,165.0144087990398
SAR321,92,2,1.36447824206416,0.029489798881352728,0.030388501334752644,146.77816426159325,150.00784232329704
SAR321,93,2,1.3893623740630405,0.023517175054232346,0.024751210717739967,121.22267824672917,126.35804719145453
SAR321,94,2,1.3404280775943378,0.031179846204667103,0.03325696593179333,149.69985215169618,157.9825814811815
SAR321,95,2,1.427030643210675,0.022259438582361978,0.024229588329158672,111.32401564293832,119.91220389219006
SAR321,96,2,1.262706621958223,0.035623860431920694,0.03997283498589801,163.92367021796645,181.9226099742575
SAR321,97,2,1.2187245780570897,0.04054032736324223,0.044247380441351514,178.05159673722846,191.33086836053846
SAR321,98,2,1.1477797946305408,0.03904004194537926,0.04827879255744998,167.39424824608886,203.18999768738001
SAR321,99,2,1.1941805642124557,0.03979252988901359,0.04515732612873401,179.52727687362994,196.83471489469207
SAR321,100,2,1.261622276923616,0.03610448582235713,0.036629070705751846,186.26400909914128,186.35718847407594
SAR321,101,2,1.325760223758606,0.02450134965768405,0.02750052567618717,123.55585870684035,132.77647460972253
SAR321,102,2,1.33066345100477,0.027066963067672867,0.02906726426142132,145.19271170262118,150.3374287430984
SAR321,103,2,1.3648004711624027,0.017135072182910306,0.017928149742899194,94.77520467272961,96.28846355060271
SAR321,104,2,1.1794251997300171,0.04324263863829507,0.04399704073681128,246.89894081168086,247.27844860315565
SAR321,105,2,1.0553343801198207,0.05111111743490035,0.05291826936136141,293.1371703941777,295.528142219775
SAR321,106,2,0.9317599134674056,0.05997227278879356,0.06167166033842469,346.45196031403475,347.9316458073473
SAR321,107,2,0.7290674894460981,0.08033424997206232,0.08197493592390888,469.36132938817127,470.03466905824155
SAR321,108,2,0.5391905281892369,0.08695957324006649,0.09192422312900532,497.9633433899803,508.86486815439827
SAR321,109,2,0.5452180743333797,0.08659101545072699,0.09449837142839641,494.0811894019603,519.6222660257242
SAR321,110,2,0.5392240028195723,0.076080442381915,0.09143293167377681,424.55201528699035,496.0649391246918
SAR321,111,2,0.49881593403171476,0.07858699402427044,0.09028546018740097,433.57608347910764,486.7751499470215
SAR321,112,2,0.3893305667260512,0.0931433677239524,0.10534570740343589,505.04430665563996,561.9708865886081
SAR321,113,2,0.6548731080926784,0.08114414341074361,0.08541011969231287,444.9333783590432,463.6904934840098
SAR321,114,2,0.920395563982263,0.058340593700352425,0.06447959603222933,318.8905205913784,349.02100949715424
SAR321,115,2,0.9226070620004301,0.057430276999583495,0.06444016132805733,295.51026900672014,328.79551312250544
SAR321,116,2,1.0406396719606672,0.04879244895189061,0.054136479962396095,241.00377410272313,265.42355710465245
SAR321,117,2,1.1933684533114275,0.03857354185489461,0.04377321356348136,198.28311530108795,223.38425035684622
SAR321,118,2,1.1316120317943796,0.045972819052073864,0.04920094639096814,224.12914934967648,238.73002226948668
SAR321,119,2,1.2691673189264572,0.03387857583851568,0.035292645384548786,172.92323144606598,179.50544478925593
SAR321,120,2,1.179063910859464,0.045409344322519016,0.0467748385756435,215.38726698335904,221.44602462490315
SAR321,121,2,1.1061243321576955,0.053276536934025925,0.05513753465360071,246.1315249184281,254.07325113366883
SAR321,122,2,1.1865766518137817,0.04415761767896813,0.04557714265814121,210.09990738834495,216.30419737054638
SAR321,123,2,1.3375255094840823,0.014806113284137227,0.01759923716805914,78.62666419934703,93.49758520930405
SAR321,124,2,1.246299941477702,0.020779499568605975,0.022719728077186495,124.24708770012103,135.26769020317101
SAR321,125,2,1.1631141062693835,0.031160118973825215,0.03182738818068305,190.3877392178274,194.81256388391952
SAR321,126,2,0.9430982452519874,0.04975431349833917,0.05414028337563795,313.2780629288327,341.5588594687353
SAR321,127,2,0.8043911730961887,0.06737061279462181,0.06933130059487645,430.6499413429083,444.35484908609226
SAR321,128,2,0.6064090844660054,0.09051778542832026,0.091369276781881,586.9635111215516,593.8623593259608
SAR321,129,2,0.5090778035644068,0.1017620901199005,0.10244836706329795,659.9991992190498,665.6422966830681
SAR321,130,2,0.4682313209389173,0.1122385877406355,0.11224288340749002,731.6936896649172,731.6956505186521
SAR321,131,2,0.49842437301902814,0.1100293799981935,0.11004223563593205,721.7256496127438,721.7545899193851
SAR321,132,2,0.48086727064216206,0.10936875704984894,0.11001333136931057,715.0414666818633,719.265719447837
SAR321,133,2,0.5009910759514532,0.11299811120129158,0.11426132621815323,740.5550858281031,748.6659818469507
SAR321,134,2,0.5322142361662412,0.10948153228693844,0.1102300275975649,704.4901123138193,709.1345737523491
SAR321,135,2,0.5101222812992563,0.10514699812690068,0.10527498335373736,639.7812952020386,640.2846878292459
SAR321,136,2,0.5185469581372228,0.09884279225289588,0.09955055515056194,573.8503552658153,578.9847126986226
SAR321,137,2,0.6740375563883578,0.07941080390806111,0.07994826467139113,453.51445082553346,457.56349796861605
SAR321,138,2,1.140141328745051,0.0373976834301259,0.04668178612298293,210.2663783222506,262.3198468361262
SAR321,139,2,1.2835224872577307,0.024344216634838697,0.03221131559496984,128.77679033091363,170.43539143738138
SAR321,140,2,1.3114062438968292,0.02287102493556602,0.02392163371491495,115.56305887775807,121.02788883689159
SAR321,141,2,1.3238274500061848,0.017132867506973272,0.01932443888057061,90.82653260764164,102.54189732775811
SAR321,142,2,1.3258428632595476,0.009443115108348284,0.012456550258681762,46.732174983345885,61.64843169581823
SAR321,143,2,1.3545041620078222,0.010481041061751907,0.014012730919417076,53.95457885501992,72.13887324430975
SAR321,144,2,1.2825472419235229,0.012074916756211453,0.014715277809555529,57.78538102230141,70.40887170097041
SAR321,145,2,1.2483525399087165,0.01843852580719991,0.02035084291311086,85.57621117307872,94.43843609327566
SAR321,146,2,1.2614607262194297,0.006428480524620521,0.007806100868441249,30.942831342968475,37.6775523473485
SAR321,147,2,1.2751564688964838,0.01732512941030609,0.023756919883048767,91.65471282536964,125.65202299358833
SAR321,148,2,1.1206805309512011,0.03567399186897297,0.04948872680752522,210.57598693768296,291.95128505156146
SAR321,149,2,1.1237056320750354,0.03867895617125655,0.05356633308260446,232.3449097927687,321.73276833084424
SAR321,150,2,1.0370783126693652,0.048622362312581574,0.06440127782144174,305.10282973578296,404.2752432081575
SAR321,151,2,0.9286251905687738,0.07034653720505554,0.07941093965948931,452.6837301079695,512.6416522161854
SAR321,152,2,0.8393140271593822,0.08325227843586504,0.09526914149956796,547.4121581588693,629.8090552526027
SAR321,153,2,0.722371012969204,0.10068461720910356,0.10965484329504555,667.0287443310863,731.2961213947933
SAR321,154,2,0.5627064566102744,0.11963548312234443,0.12687120801634946,808.4145182953416,863.0321156184068
SAR321,155,2,0.384166968404087,0.1398780433148304,0.14894953927642612,961.1018162552587,1031.4121986195419
SAR321,156,2,0.2063541630221335,0.1563646579285506,0.1633861171460435,1085.63309174712,1143.3950872836285
SAR321,157,2,-0.025707499902667658,0.1694280587824687,0.17315946769041365,1184.129361471627,1218.106511348666
SAR321,158,2,-0.21473570754359508,0.19326644272826682,0.1967843022454757,1345.0206335523962,1378.553573280808
SAR321,159,2,-0.39852705447730885,0.20741967116547955,0.2117043528912504,1377.9928366293043,1415.433026047134
SAR321,160,2,-0.3050190568729942,0.20723749143346526,0.21277666196558345,1312.165436023835,1355.2148895351577
SAR321,161,2,-0.25179414752230156,0.19012497960569907,0.19821081523404946,1179.5635609071746,1235.2580436307182
SAR321,162,2,0.0009837718340253432,0.17403936343742715,0.18197177417820956,1068.4355093957106,1120.9344394049053
SAR321,163,2,0.3405726564283748,0.13369278316732613,0.1433867328424483,764.7039456128496,823.8668704816167
SAR321,164,2,0.7354143791651963,0.09225660680649014,0.1020194876262666,496.79681388835706,552.0247780805561
SAR321,165,2,0.9271830956168317,0.06654937118316949,0.07291617343878332,365.5436004119979,401.24582846576885
SAR321,166,2,1.125456961820583,0.03552698492198046,0.04526649124277279,181.65088808802193,231.67399967521098
SAR321,167,2,1.1177289687582808,0.041339707715863254,0.05385489887848076,220.232463827429,287.2577753151095
SAR321,168,2,1.106943069404337,0.02714808931925862,0.038227068882159765,133.5833668703881,188.10625823745872
SAR322,1,2,3.3497371471558948,0.002008999434586836,0.0025316119613406018,9.287429019610954,11.758454178199544
SAR322,2,2,2.415338835670494,0.018857909640050616,0.019889183970391345,88.49970105235343,93.82460930352939
SAR322,3,2,2.3499703142221193,0.01941667128471932,0.019652572831524558,99.93081654225944,100.66757613959776
SAR322,4,2,2.1326611001876117,0.02164242579443195,0.02862658907053336,122.04170827148164,160.39001587338828
SAR322,5,2,2.210001695787687,0.005651197515577654,0.006957173019592893,32.70027204400003,39.92617182260445
SAR322,6,2,2.06625229535439,0.009124809719897015,0.010340936164359714,55.014917376034646,61.87236492063242
SAR322,7,2,1.928793869443537,0.025430872593046452,0.02853136932472513,156.7465844097219,174.76634967787706
SAR322,8,2,1.8416235687251634,0.030057976293943023,0.034845828577579445,188.28663680611498,217.01208586219423
SAR322,9,2,1.7616113466292105,0.032399562600328974,0.04046441185692703,203.67991075531882,253.49413094267453
SAR322,10,2,1.7766992667903687,0.02920895899503176,0.03951197413035822,185.05437625565537,249.96531818327236
SAR322,11,2,1.7670229940010524,0.02794508197066284,0.03670261236029023,177.5729207790373,232.72037253186312
SAR322,12,2,1.7094780263740064,0.035573411471051475,0.04294799548588833,225.9128344150563,271.5438976041865
SAR322,13,2,1.6510555328472307,0.040452371377333624,0.04573672531362185,258.1887168950989,290.36286557083554
SAR322,14,2,1.6164109701482932,0.04259647956029426,0.046796075406261024,267.8674279157558,292.69820866738456
SAR322,15,2,1.6509705592909896,0.038188712703933425,0.046098625686860815,226.10599556630632,271.90183409190314
SAR322,16,2,1.7056384107825036,0.03188189673782506,0.040588643203898614,179.243113828466,227.42215270105174
SAR322,17,2,1.6986629483566367,0.029264092260920554,0.03278474127478427,161.40765103896456,179.0463373681532
SAR322,18,2,1.7146737292695273,0.020765560045825485,0.02870900692496708,112.33965447873697,155.12058981863575
SAR322,19,2,1.6993722017598683,0.01907111666682887,0.022227384528349912,98.600930337303,114.37222475705448
SAR322,20,2,1.7200006251161808,0.016283893758973704,0.01918052619957887,80.63226910318099,94.66517748022741
SAR322,21,2,1.734256673120364,0.015196850005612075,0.01620144688992065,78.97923672221714,83.80715338755854
SAR322,22,2,1.7747391184374268,0.0062440205143776475,0.0077011084012695305,30.05342780170895,36.93779492032071
SAR322,23,2,1.8032556002252795,0.003719465819197505,0.003719495749776087,18.829944824636186,18.831278520446805
SAR322,24,2,1.7547962445264278,0.012933030679197509,0.013079670490070049,59.91632517158814,60.4101145023111
SAR322,25,2,1.7125329505877447,0.015097869043004052,0.01567001860228748,68.49357124733433,71.58033278947778
SAR322,26,2,1.7527398256237052,0.008942513232565383,0.008966956233787723,41.1100580535508,41.37874550683606
SAR322,27,2,1.7366062362450612,0.00796083223900524,0.009189658637722276,37.31966050967094,41.94160422362426
SAR322,28,2,1.6893993785295665,0.007106802508207166,0.007616230760552805,37.306345835879256,38.69890899466367
SAR322,29,2,1.672510382418988,0.014203063440552952,0.019693520580802835,71.99459120557185,99.39178733703228
SAR322,30,2,1.6089664003068436,0.029733589252001723,0.031009124176037954,169.14639654685152,172.85148723974064
SAR322,31,2,1.4398332947610175,0.050245513916385084,0.05145793496286046,294.4407823383549,297.1608362280496
SAR322,32,2,1.2669203646736218,0.0657838412102201,0.06760445245023504,390.9005626384437,395.18979886328026
SAR322,33,2,1.105616023070548,0.07616547659099404,0.07811219954366737,455.3715963551999,459.52304953951585
SAR322,34,2,1.0318554774206923,0.08525494411865325,0.09052955220610145,506.9358947188125,524.391763038891
SAR322,35,2,0.9552221209981111,0.09296945806995793,0.09894371818835639,556.2748877591339,576.4699379178398
SAR322,36,2,0.8809767621469489,0.10083484053413241,0.10886103962652495,605.5835858581358,636.2073686261855
SAR322,37,2,0.8443984100761458,0.10126931506353752,0.11065654073244481,613.6209109765005,652.8111214988961
SAR322,38,2,0.8652083353571526,0.10227494329708017,0.11665154563396343,609.2237837240759,678.1874275305028
SAR322,39,2,1.0407430363662833,0.08879607508662857,0.10943996095577348,502.4479479977117,609.7871776243686
SAR322,40,2,1.0239288728722709,0.09050922583836166,0.10580532045496774,495.0474063663464,568.9580910486017
SAR322,41,2,1.2719248727820756,0.06667383902447076,0.07576282402005796,362.4034616232052,403.7831898951833
SAR322,42,2,1.31452098197061,0.06155035779834754,0.07416135370858251,331.1681587832113,393.7629448426887
SAR322,43,2,1.3705045528572566,0.05511420150212974,0.07414549412986368,281.3771394711189,377.4261151930421
SAR322,44,2,1.4418570963802864,0.0508372836675321,0.06208938600060782,253.61037294682183,308.6632419677167
SAR322,45,2,1.48416419159967,0.044159056292256194,0.05485456986292324,228.16632276658856,282.10679415946436
SAR322,46,2,1.4473825572935461,0.04858156525066093,0.05581822169433427,235.18700095993927,268.4695630462709
SAR322,47,2,1.4691140685833477,0.03745268562324742,0.042299574612216985,188.57959694233705,211.58370305703536
SAR322,48,2,1.4063728690495894,0.046276118431678476,0.053262676600526526,213.29522604176418,243.68781329328337
SAR322,49,2,1.5023074374279717,0.03381286174121041,0.04387096258666522,147.9819897134871,191.14384275200536
SAR322,50,2,1.4831614990604094,0.04090380511462587,0.04641858365482856,181.6975882470765,202.30074416658962
SAR322,51,2,1.4731145838366015,0.03817376772885986,0.04863222013245279,169.6470366630474,210.91883991962698
SAR322,52,2,1.502326419798521,0.032759653271337105,0.0392616535786663,158.4434141286206,181.5719775855232
SAR322,53,2,1.4554483494829855,0.032499059633317784,0.0432809506489948,154.3634133265632,201.91404051728992
SAR322,54,2,1.4351127116129891,0.0357436265092681,0.050181055218860814,176.14714985037745,246.7993581430016
SAR322,55,2,1.3468322520609175,0.046923814966313926,0.06399608488340819,242.48275819131504,328.0794396453836
SAR322,56,2,1.3717209121339635,0.04614208123035611,0.06449682472729286,242.7467568134516,338.5100475613317
SAR322,57,2,1.359501458401517,0.05143502141980495,0.07029894674494941,273.8071883210755,371.85384742806156
SAR322,58,2,1.3636934732715145,0.04899478012625587,0.06300783470396627,263.04907222471684,332.631295465522
SAR322,59,2,1.358454119607252,0.04822184860865283,0.0567783288211526,263.3069187005408,302.01024774637483
SAR322,60,2,1.3269636933209041,0.05075628722066067,0.05596515174889536,281.2317645139965,302.2614625318867
SAR322,61,2,1.319021321370715,0.05324337231667861,0.05587546814233745,302.52998610763916,311.4299330369217
SAR322,62,2,1.3556055602751576,0.04944082056085969,0.05277827244087279,279.3140615135153,292.87835807748604
SAR322,63,2,1.3313130635532795,0.04853859938334913,0.05304676222941125,266.90059195083086,288.08579762794267
SAR322,64,2,1.4668647106211041,0.03209663539512534,0.04063798061439168,168.69537019059499,211.94471018628394
SAR322,65,2,1.4930361121181122,0.029203174788267856,0.03868901340075466,152.58893390397952,201.19597484476
SAR322,66,2,1.5337084947855377,0.017268753973809434,0.019482945344152007,91.5919115869774,102.53834812866333
SAR322,67,2,1.531072535816587,0.01291113598783675,0.014048871092032407,65.16240914876653,70.43914523963512
SAR322,68,2,1.5558951354110409,0.00806324581619067,0.01041642212953762,38.57044311096479,49.5993629788564
SAR322,69,2,1.5686675665455003,0.007391262565278937,0.008318140973534243,38.17391851017828,43.33017991721843
SAR322,70,2,1.4996733695630313,0.009813403302377989,0.013051133083719354,47.63352716506324,63.52302405827459
SAR322,71,2,1.4825550186017324,0.01970833805239816,0.01971070535941274,97.78058101607303,97.78058211353148
SAR322,72,2,1.4051096209838054,0.028333085095344393,0.028647735279638355,130.0977867314591,131.72227517445162
SAR322,73,2,1.364533586179568,0.030030255344896895,0.03050593593762533,133.00011134392753,135.16997814124318
SAR322,74,2,1.3456295848988442,0.03955047690806031,0.04019753749998664,179.00274424716827,182.19742305225182
SAR322,75,2,1.3376819025169502,0.046623845260504705,0.05433596047197932,229.6164278787046,269.82791297725356
SAR322,76,2,1.2214047295531836,0.06207903638695325,0.07970970813356724,342.7418033086992,443.1916345106328
SAR322,77,2,1.193786764653485,0.06691234715640404,0.0825738956412968,378.98706204564223,472.53078605453794
SAR322,78,2,1.2027577129159488,0.06484336663942698,0.08142035493303162,383.11359672627896,486.14423250548214
SAR322,79,2,1.1700571182443864,0.0656176258846569,0.08976867024799322,401.4576324322843,551.2808835318009
SAR322,80,2,1.1503245090162204,0.06733070837203378,0.09374460744383771,421.92729561270426,588.6918577164081
SAR322,81,2,1.1436117316907888,0.06593155377279579,0.09218965046783152,417.0882749993866,584.1825021636826
SAR322,82,2,1.1030524582553378,0.06990008423894113,0.09398809899974293,443.7345169975115,601.5712309401661
SAR322,83,2,1.0723571973292343,0.07410441068529874,0.09267811350893003,464.87096739459867,593.3033630190059
SAR322,84,2,1.1716878106592612,0.06385099459409749,0.07602171926428705,396.2913703381646,484.62946879530654
SAR322,85,2,1.229785702316194,0.058162738943946295,0.06648739524677263,359.0423702817052,423.11365219695085
SAR322,86,2,1.197728956524017,0.057297451564310715,0.0622145403184504,345.9089299041925,386.6142949186282
SAR322,87,2,1.2592984870116035,0.05203118515540575,0.05485873836499653,299.82188893803414,323.34298980726857
SAR322,88,2,1.2324907457656944,0.047735125594045205,0.048127418803702214,259.18881845777423,264.0531897182893
SAR322,89,2,1.2703314360499434,0.047602538305620515,0.04906413637602168,259.65579906486755,270.9934127002064
SAR322,90,2,1.3127375176769964,0.042864492739019516,0.0444008446305103,234.12043236530826,245.5447911827949
SAR322,91,2,1.3278171742134224,0.04106515909595839,0.04194447678597921,211.64875380002968,217.7741693067234
SAR322,92,2,1.3617787299147357,0.03673239255873004,0.03792867717370625,182.19431347485806,189.23807007179775
SAR322,93,2,1.3957538816485617,0.03161628529848358,0.0321854910293038,163.33070703858766,167.0738562871951
SAR322,94,2,1.304202173125494,0.038184413810441534,0.038185222412508685,183.03794795349359,183.07059338927095
SAR322,95,2,1.3467829211300282,0.03516674083061541,0.03562777533861853,176.7427577575122,179.73576130951434
SAR322,96,2,1.2366707672429844,0.042744441734460105,0.043060756662843806,196.7450476120266,197.68327218759012
SAR322,97,2,1.1998387540368958,0.0460798739989709,0.04670398061755801,202.36659777116483,203.9914194184981
SAR322,98,2,1.1641804784824856,0.0553212207249414,0.05544026015763627,245.9645354266204,245.96453674181913
SAR322,99,2,1.0767776562754947,0.06451899174414796,0.06559003658490775,310.37954624718986,322.3317665468132
SAR322,100,2,1.1623603455903915,0.061063696827038216,0.06697082960100283,335.18369109329615,382.03972332912446
SAR322,101,2,1.1576937128723088,0.057602223734231794,0.06175157151827202,323.0356066851864,359.8871641948328
SAR322,102,2,1.2817906298671233,0.04362840220784911,0.045322222205721824,250.26585207984908,268.5593512570719
SAR322,103,2,1.3625024210053533,0.03771110528429581,0.042891967577591936,227.06309999014275,267.336772629589
SAR322,104,2,1.294922390879591,0.03672687581083244,0.036735823379878685,210.56780945620494,212.6560855245915
SAR322,105,2,1.1823839347356047,0.04849912650627516,0.04849934369997174,281.54715500618977,283.9599976812928
SAR322,106,2,1.1045755284612695,0.051477699806264085,0.05179270292405033,295.0641137634293,295.135202682683
SAR322,107,2,0.9462350667164788,0.054757783721555195,0.0585964593530519,303.3687295698437,313.5904333040513
SAR322,108,2,0.8172330916577903,0.0652384852579357,0.07127621924000486,359.5691969109257,379.0026353390561
SAR322,109,2,0.692666301155795,0.07306264073830565,0.07859852754473265,409.326415186089,427.032819260278
SAR322,110,2,0.7632944876156436,0.07539713014213521,0.07834312940286083,427.91965916307527,435.99787257374874
SAR322,111,2,0.8226927390972512,0.06483174689160034,0.07022611113951012,354.0127914183331,376.10901758766477
SAR322,112,2,0.7688400994728104,0.0668764495898575,0.07552223847744999,353.72557219930377,394.012224375823
SAR322,113,2,0.9675263388898246,0.04695387522058653,0.05562325696848731,249.40872411127248,293.14534602718413
SAR322,114,2,1.1435274330617746,0.043161833036690966,0.04451659767138839,232.44404146287525,238.46391953464627
SAR322,115,2,1.1653332378746266,0.040008711232884256,0.04202602553890158,202.7057364819202,211.68538179495636
SAR322,116,2,1.2303559213163586,0.033569954680414474,0.03558927047175196,163.56112353236495,172.4750539637698
SAR322,117,2,1.3055311713031448,0.03037669407133146,0.03144585123659311,154.98755805246947,159.73400347801203
SAR322,118,2,1.2215490869822803,0.02866972619584025,0.033723170743574955,137.71637131005264,161.4846656177295
SAR322,119,2,1.314638559277831,0.021622598756805243,0.02376805094554521,109.06859752410674,119.57845198221192
SAR322,120,2,1.269490368324724,0.02280758728028167,0.030300133558611667,106.75906844915608,141.78178537981572
SAR322,121,2,1.211545259543923,0.02858952156543098,0.03708419782002836,130.06871371520538,168.60662453456976
SAR322,122,2,1.2846323644738171,0.027119664872484017,0.03169485001786036,127.34072833989649,148.67348399132896
SAR322,123,2,1.2999474035409018,0.03151375534677457,0.033611868667893806,164.24001955658514,174.56453356499665
SAR322,124,2,1.1530331426299014,0.04015185987890127,0.051479089254494396,234.31575370822384,299.1432480529319
SAR322,125,2,1.131515890509691,0.048999543184159125,0.055717838057685196,291.1193063532123,329.27002852395935
SAR322,126,2,0.9929945792964252,0.06594831736560741,0.06817258122838452,404.6775384561197,416.97095065714683
SAR322,127,2,0.8432201736599272,0.07707590445292024,0.08004440628949794,479.83228285742234,496.36923506452325
SAR322,128,2,0.6659909765149301,0.09539104434093953,0.0991105485682585,601.9893644695344,622.7067583178402
SAR322,129,2,0.5759512845109952,0.10478308636622859,0.10838915102344106,662.3360588556079,682.6488558452019
SAR322,130,2,0.44982300590794366,0.11517606142997411,0.12033209956239267,735.6489071423725,766.250175322856
SAR322,131,2,0.438581583863518,0.11883644771673885,0.12407411709127392,764.172894586568,795.7988392749999
SAR322,132,2,0.45087847504374223,0.12027707822388078,0.12696921705101752,773.9336518315677,815.8965509838072
SAR322,133,2,0.4288338492713228,0.12446274269144145,0.13191103082258226,803.2240144136167,849.6653283467863
SAR322,134,2,0.42821676215789795,0.12330662551584437,0.12846698577877194,782.6409535094272,813.6441432362914
SAR322,135,2,0.4523637581236104,0.11688957446348539,0.12022076540709237,701.0183878924572,718.687265033288
SAR322,136,2,0.5107821494437196,0.10976031021776535,0.11087382719487904,625.7987503407458,630.5544466761191
SAR322,137,2,0.7175376680051184,0.08863767154339766,0.08956521507586974,498.0905504422308,501.86412990217156
SAR322,138,2,1.0835371694921392,0.056841092007081345,0.06940314760381598,315.6432208383776,384.2663859319818
SAR322,139,2,1.1967380403112369,0.04275144385338441,0.05653539258617966,222.61528482501717,294.1310347908905
SAR322,140,2,1.21916195548187,0.04000446701636434,0.04550219993290021,199.9841709515622,227.23595724342408
SAR322,141,2,1.2883074146178757,0.031613336274820304,0.03883224601955801,165.71190734339416,203.3620757031012
SAR322,142,2,1.3344481339331327,0.021962124456075368,0.022639707183784514,107.64510203304553,110.78874575321358
SAR322,143,2,1.340709956354673,0.02259598774972722,0.023042476659650885,115.32204685639044,117.46096519751316
SAR322,144,2,1.2775412259337524,0.025262891601570872,0.02646555834423714,119.760999723037,125.27486741138155
SAR322,145,2,1.2208283652808691,0.035351838927625584,0.03695095993499585,162.1465855771212,169.1438027880333
SAR322,146,2,1.2615406408268246,0.028658153949732854,0.037468952072361894,135.58309851264903,177.24802181266642
SAR322,147,2,1.1506645777322884,0.04487610832571508,0.057338353962689506,232.73543874884444,296.4263581943293
SAR322,148,2,0.9809706893317139,0.05808932557601601,0.07664850154058847,337.60688265376575,443.89973038909073
SAR322,149,2,1.0014760620426024,0.06001318595870458,0.08140658622699118,353.98444998772493,479.614171635757
SAR322,150,2,0.8872503218302029,0.06663008109986204,0.0929689094978938,410.12319250702967,572.110728390718
SAR322,151,2,0.8057139075537542,0.08860292453287866,0.10914590224125374,560.9266518256886,690.5824565994349
SAR322,152,2,0.7282573980249356,0.10320203359070187,0.12507513744175816,668.0990009443763,811.008511432895
SAR322,153,2,0.5751165648595032,0.11957926519052631,0.13715250644979887,782.0426276677053,899.792776071772
SAR322,154,2,0.36944613077939414,0.14024493271548402,0.15481195250696714,935.7000080326607,1036.7915975752478
SAR322,155,2,0.18035357165262375,0.16301847930793884,0.17898732615667717,1104.5887746961835,1218.7818892081227
SAR322,156,2,-0.09256229965808097,0.18358967802722662,0.19532338206602595,1255.8287726677927,1344.1374831124224
SAR322,157,2,-0.20830116811844232,0.19171940425799053,0.20104909965843087,1324.6760313570917,1396.4382513845799
SAR322,158,2,-0.41302160472608596,0.21257945261993327,0.22081625887761516,1465.3968980451677,1531.0507608347414
SAR322,159,2,-0.4967827009269857,0.22308692102700362,0.2316985766479076,1470.263488544068,1535.378904080725
SAR322,160,2,-0.3394806973340943,0.21801526736956228,0.22899267314090807,1371.7737373662676,1447.2136922119068
SAR322,161,2,-0.3278875652934915,0.20416963018543643,0.21712194055861744,1255.7249195720851,1338.8462330648704
SAR322,162,2,-0.23089040527215043,0.19372945751820678,0.20337733236362035,1176.6772456604194,1238.2296872884954
SAR322,163,2,0.195374776890265,0.15979259175380264,0.17154763157567934,900.6909147938472,969.9225889442381
SAR322,164,2,0.6308354962108285,0.11717215080349014,0.13013275088747558,621.4962133156869,692.2645055410417
SAR322,165,2,0.7905459588166411,0.08379182246239181,0.09253527063444353,455.4277990734731,503.1739760336506
SAR322,166,2,1.0184185884029233,0.05229667526614412,0.06584369984856475,263.9603102343831,332.2992405696991
SAR322,167,2,1.0319571884948975,0.05483839136152632,0.07092090750719336,288.9465631232283,373.8744929930646
SAR322,168,2,1.0933573473525997,0.045314422098143736,0.05985237532768115,219.68773376032368,290.1365259400292
